ym,date,maturity,nav,distribution,monthly_return,tbill,ttm_yield,carry_adj,carry_mean,carry_std,z,signal
2002-08,2002-08-31,IEF,84.437118,0.0,2.42,1.69,,,,,,Cash
2002-09,2002-09-30,IEF,87.443965,0.289974,3.91,1.57,,,,,,Cash
2002-10,2002-10-31,IEF,86.056118,0.257889,-1.29,1.44,,,,,,Cash
2002-11,2002-11-30,IEF,84.084369,0.294645,-1.96,1.22,,,,,,Cash
2002-12,2002-12-31,IEF,86.048382,0.520384,3.48,1.22,,,,,,Cash
2003-01,2003-01-31,IEF,85.432873,0.416421,-0.72,1.18,,,,,,Cash
2003-02,2003-02-28,IEF,87.096904,0.277735,2.28,1.2,,,,,,Cash
2003-03,2003-03-31,IEF,86.419792,0.240134,-0.51,1.14,,,,,,Cash
2003-04,2003-04-30,IEF,86.329516,0.248666,0.18,1.13,,,,,,Cash
2003-05,2003-05-31,IEF,89.305394,0.341751,3.86,1.11,,,,,,Cash
2003-06,2003-06-30,IEF,88.33644,0.244234,-0.81,0.9,,,,,,Cash
2003-07,2003-07-31,IEF,83.079275,0.2403,-5.7,0.96,4.05893407230624,0.413191209640832,,,,Cash
2003-08,2003-08-31,IEF,83.254756,0.252948,0.52,0.98,4.354202899831932,0.449893719977591,,,,Cash
2003-09,2003-09-30,IEF,86.559673,0.275762,4.32,0.95,4.171537246911734,0.4295382995882312,,,,Cash
2003-10,2003-10-31,IEF,84.537896,0.274101,-2.02,0.96,4.290479384535428,0.444063917938057,,,,Cash
2003-11,2003-11-30,IEF,84.291067,0.279262,0.04,0.93,4.284793310304163,0.4473057747072217,,,,Cash
2003-12,2003-12-31,IEF,84.564906,0.26621,0.97,0.95,3.9703514836284457,0.4027135311504594,,,,Cash
2004-01,2004-01-31,IEF,85.477958,0.278685,1.09,0.92,3.766805004864529,0.3795740006486038,,,,Cash
2004-02,2004-02-29,IEF,86.631058,0.255378,1.65,0.96,3.69085992231562,0.3641146563087493,,,,Cash
2004-03,2004-03-31,IEF,87.574631,0.251129,1.38,0.95,3.6636477520527606,0.3618197002737014,,,,Cash
2004-04,2004-04-30,IEF,83.451988,0.255518,-4.43,0.98,3.8528476996857166,0.3830463599580955,,,,Cash
2004-05,2004-05-31,IEF,82.634589,0.267875,-0.66,1.08,3.801558207060242,0.3628744276080322,,,,Cash
2004-06,2004-06-30,IEF,82.928522,0.27943,0.7,1.33,3.8305252805542582,0.3334033707405677,,,,Cash
2004-07,2004-07-31,IEF,83.751992,0.273455,1.32,1.45,3.832449740419308,0.3176599653892411,,,,Cash
2004-08,2004-08-31,IEF,85.793626,0.272748,2.77,1.59,3.764327433835236,0.2899103245113648,,,,Cash
2004-09,2004-09-30,IEF,85.841087,0.266277,0.36,1.71,3.7511966734531215,0.2721595564604162,,,,Cash
2004-10,2004-10-31,IEF,86.40292,0.25745,0.96,1.91,3.707533263922099,0.2396711018562798,,,,Cash
2004-11,2004-11-30,IEF,84.473251,0.265239,-1.93,2.23,3.775625967088682,0.2060834622784909,,,,Cash
2004-12,2004-12-31,IEF,85.055967,0.262392,1.34,2.22,3.745270452336401,0.2033693936448534,,,,Cash
2005-01,2005-01-31,IEF,85.632213,0.271451,0.67,2.51,3.711619598106148,0.1602159464141531,,,,Cash
2005-02,2005-02-28,IEF,84.305382,0.261271,-1.24,2.76,3.7770245795221,0.1356032772696133,,,,Cash
2005-03,2005-03-31,IEF,83.614934,0.230853,-0.55,2.79,3.783963998584272,0.1325285331445696,,,,Cash
2005-04,2005-04-30,IEF,85.494782,0.279119,2.59,2.9,3.728367890335108,0.110449052044681,,,,Cash
2005-05,2005-05-31,IEF,86.704114,0.267478,1.73,2.99,3.675907466167061,0.0914543288222747,,,,Cash
2005-06,2005-06-30,IEF,86.766924,0.263566,0.38,3.13,3.654963036375474,0.0699950715167299,,,,Cash
2005-07,2005-07-31,IEF,84.768571,0.263511,-2.01,3.42,3.729395178786252,0.0412526905048335,0.2916932909122004,0.1250321462802723,-2.003009688772187,Cash
2005-08,2005-08-31,IEF,86.179627,0.270574,1.99,3.52,3.665809553805565,0.0194412738407419,0.2761958526148671,0.1321650023900763,-1.9426820575111925,Cash
2005-09,2005-09-30,IEF,84.386272,0.274393,-1.76,3.55,3.7533320585604257,0.0271109411413901,0.2582603340258317,0.1366980324039277,-1.6909489392021424,Cash
2005-10,2005-10-31,IEF,83.087446,0.277188,-1.21,3.98,3.835759977506109,-0.0192320029991854,0.24149252742388,0.1394292985362742,-1.8699407739990517,Cash
2005-11,2005-11-30,IEF,83.28455,0.287716,0.58,3.95,3.853670338616226,-0.0128439548511699,0.2221885307181616,0.1422078734527974,-1.6527389086325452,Cash
2005-12,2005-12-31,IEF,83.712971,0.5753520000000001,1.21,4.08,4.2077971405411,0.0170396187388133,0.2030156253198953,0.1415551684976329,-1.313805836656483,Cash
2006-01,2006-01-31,IEF,83.249372,0.0,-0.55,4.47,3.905159789073244,-0.0753120281235674,0.18694587896941,0.1397794926859295,-1.876225918792284,Cash
2006-02,2006-02-28,IEF,82.91629,0.26352,-0.08,4.62,3.923559532149835,-0.0928587290466887,0.1679922944372362,0.1433197924693646,-1.82006280493103,Cash
2006-03,2006-03-31,IEF,81.488485,0.267073,-1.41,4.63,4.036754395421635,-0.0790994139437819,0.1489517367140929,0.1464524250566463,-1.5571688250957052,Cash
2006-04,2006-04-30,IEF,80.702368,0.260258,-0.66,4.77,4.052705120127331,-0.0956393173163558,0.1305801069550312,0.1462435950586553,-1.5468672264289929,Cash
2006-05,2006-05-31,IEF,80.383607,0.293988,-0.03,4.86,4.101755473600481,-0.1010992701866025,0.110634870401929,0.1429189294586709,-1.481498226935435,Cash
2006-06,2006-06-30,IEF,80.327478,0.294288,0.31,5.01,4.142867525356642,-0.115617663285781,0.0913026329938192,0.1386316313016868,-1.4925907914140115,Cash
2006-07,2006-07-31,IEF,81.266343,0.312173,1.57,5.1,4.154884882662924,-0.1260153489782767,0.0725934232427214,0.1347837534762066,-1.4735364396574586,Cash
2006-08,2006-08-31,IEF,82.46,0.319344,1.87,5.05,4.153884307543051,-0.1194820923275931,0.0541069518107415,0.1300533382092419,-1.3347526986123823,Cash
2006-09,2006-09-30,IEF,83.06,0.311585,1.11,4.89,4.168655189019986,-0.0961793081306685,0.0370489344424515,0.1245104379484146,-1.0700166569835472,Cash
2006-10,2006-10-31,IEF,83.23,0.315666,0.58,5.08,4.206371500660819,-0.1164837999118907,0.0217014817511564,0.1167280800335268,-1.1838221071001704,Cash
2006-11,2006-11-30,IEF,83.99,0.308354,1.28,5.03,4.19288129539231,-0.1116158272810254,0.0068616941774826,0.1102732536977774,-1.0743994349093549,Cash
2006-12,2006-12-31,IEF,82.35,0.543439,-1.31,5.02,4.237629629629629,-0.104316049382716,-0.0063757762208305,0.104221014389722,-0.9397363260699948,Cash
2007-01,2007-01-31,IEF,82.07,0.0,-0.34,5.12,4.252087242597783,-0.1157217009869622,-0.0191960030136459,0.0958896829909244,-1.0066327780273503,Cash
2007-02,2007-02-28,IEF,83.49,0.311091,2.12,5.16,4.236745718050066,-0.1231005709266579,-0.0306934049886924,0.0897913321840368,-1.0291323637850385,Cash
2007-03,2007-03-31,IEF,83.08,0.274746,-0.16,5.04,4.266889744824266,-0.1030813673567645,-0.0414727319968703,0.0843215793522214,-0.730639011190094,Cash
2007-04,2007-04-30,IEF,83.25,0.321919,0.6,4.91,4.332243843843844,-0.0770341541541541,-0.0512898111844259,0.0765390334495246,-0.3363557365367802,Cash
2007-05,2007-05-31,IEF,81.72,0.314451,-1.46,4.73,4.438394517865884,-0.0388807309512155,-0.0591016114427107,0.0684543242543022,0.2953923029957366,Cash
2007-06,2007-06-30,IEF,81.0,0.329226,-0.48,4.82,4.52098024691358,-0.0398693004115227,-0.0645322389332728,0.0607245618273306,0.4061443636576385,Cash
2007-07,2007-07-31,IEF,82.45,0.313321,2.19,4.96,4.442864766525167,-0.068951364463311,-0.06910992109695,0.0538999090559879,0.0029416864780668,Cash
2007-08,2007-08-31,IEF,83.89,0.322098,2.15,4.01,4.369884372392418,0.0479845829856557,-0.0737017567206227,0.0485143119666632,2.5082565282981957,Long
2007-09,2007-09-30,IEF,83.82,0.333602,0.32,3.82,4.399800763540922,0.0773067684721229,-0.0725124521729179,0.0511739060333591,2.9276487229131396,Long
2007-10,2007-10-31,IEF,84.45,0.31013,1.12,3.94,4.360422735346359,0.0560563647128478,-0.0704209593674708,0.0562013744678973,2.2504311554259817,Long
2007-11,2007-11-30,IEF,87.34,0.296534,3.78,3.15,4.202607052896725,0.1403476070528966,-0.067283944046136,0.0610729061138057,3.3997326197663416,Long
2007-12,2007-12-31,IEF,86.780255,0.6085149999999999,0.07,3.36,4.304703875322791,0.1259605167097054,-0.0609009623001333,0.0737083047802321,2.535148238274951,Long
2008-01,2008-01-31,IEF,89.703679,0.0,3.36,1.96,4.164414482933303,0.2939219310577737,-0.0563625915513461,0.0816421622745874,4.290485612458502,Long
2008-02,2008-02-29,IEF,90.6753,0.280643,1.41,1.85,4.086212011429794,0.2981616015239725,-0.0409778432521235,0.1083401999555859,3.130319538962697,Long
2008-03,2008-03-31,IEF,91.663782,0.280063,1.39,1.38,4.047947748872068,0.3557263665162757,-0.024685329478346,0.1278446761194727,2.975577142055735,Long
2008-04,2008-04-30,IEF,89.101695,0.310872,-2.46,1.43,4.151946828845399,0.3629262438460532,-0.0065675886258436,0.1488787240519971,2.481844432941593,Long
2008-05,2008-05-31,IEF,87.28858,0.279997,-1.73,1.89,4.198717632936634,0.3078290177248846,0.0125393097559234,0.1654535619516733,1.784728624066801,Long
2008-06,2008-06-30,IEF,87.833475,0.307167,0.97,1.9,4.147555359730444,0.2996740479640592,0.029577988418902,0.1740735668848746,1.5516201820796147,Long
2008-07,2008-07-31,IEF,88.056543,0.291827,0.6,1.68,4.112639307223314,0.3243519076297752,0.0468818097209787,0.179567224225927,1.5452157213261288,Long
2008-08,2008-08-31,IEF,89.220793,0.304371,1.67,1.72,4.0391044271485015,0.3092139236198002,0.0656471120796475,0.1841863274887508,1.3223935503846156,Long
2008-09,2008-09-30,IEF,88.883408,0.295404,-0.05,0.92,4.011460721668098,0.4121947628890797,0.0835094460774556,0.1862280430379638,1.76496144968145,Long
2008-10,2008-10-31,IEF,87.697826,0.305,-1.0,0.46,4.059841802691893,0.4799789070255857,0.1046916990366117,0.1936646376605834,1.937819999161138,Long
2008-11,2008-11-30,IEF,94.217365,0.32,7.84,0.01,3.803820028293086,0.5058426704390782,0.1295443118256732,0.2021338389684811,1.8616297030408715,Long
2008-12,2008-12-31,IEF,98.370839,0.681508,5.13,0.11,3.717414670012116,0.4809886226682821,0.1552717492306776,0.2092733453645923,1.5564183430534175,Long
2009-01,2009-01-31,IEF,94.658236,0.0,-3.77,0.24,3.8632158748447414,0.4830954499792989,0.1796594438994692,0.2117960550670145,1.432680160089947,Long
2009-02,2009-02-28,IEF,93.615233,0.26625,-0.83,0.26,3.890882801092852,0.4841177068123803,0.2046101585230634,0.2107550152944566,1.3262201513866825,Long
2009-03,2009-03-31,IEF,96.543123,0.2475,3.39,0.21,3.739153952995699,0.4705538603994265,0.2299109200955233,0.2060997670333213,1.1676041354525013,Long
2009-04,2009-04-30,IEF,93.609676,0.276244,-2.76,0.14,3.8193359412973513,0.4905781255063134,0.2538123879186979,0.1989415534243227,1.1901271178003594,Long
2009-05,2009-05-31,IEF,91.344785,0.28034,-2.13,0.14,3.914411753227073,0.5032549004302764,0.2774628995712174,0.1915000644651864,1.1790701036557962,Long
2009-06,2009-06-30,IEF,90.658733,0.27219,-0.45,0.19,3.905452770887499,0.4953937027849999,0.3000518842121129,0.1844055973288922,1.0593052564694645,Long
2009-07,2009-07-31,IEF,91.025199,0.251586,0.69,0.18,3.845520843079948,0.4887361124106597,0.3223545093453013,0.1735560307624848,0.9586621815121774,Long
2009-08,2009-08-31,IEF,91.601913,0.263877,0.92,0.15,3.77710343232679,0.4836137909769053,0.3455914875483835,0.1552561114024854,0.8889975549542993,Long
2009-09,2009-09-30,IEF,92.288189,0.257498,1.04,0.14,3.707942519058424,0.4757256692077898,0.3637427045480189,0.1440071962656214,0.7776206159393466,Long
2009-10,2009-10-31,IEF,91.935114,0.253367,-0.11,0.05,3.666020363013854,0.4821360484018472,0.3803434920786717,0.1320171663135497,0.7710554556322718,Long
2009-11,2009-11-30,IEF,93.060637,0.769909,2.08,0.06,4.10513953391486,0.5393519378553148,0.39809681223238,0.1139205472831403,1.2399442329912316,Long
2009-12,2009-12-31,IEF,88.660591,0.372069,-4.34,0.06,3.9598540460890903,0.5199805394785454,0.4147219926824808,0.103288606613114,1.019072192447414,Long
2010-01,2010-01-31,IEF,90.617788,0.0,2.21,0.08,3.874327632009732,0.505910350934631,0.4311394936311823,0.0851095665853184,0.8785247100100583,Long
2010-02,2010-02-28,IEF,90.859309,0.2995,0.6,0.13,3.900623985595136,0.5027498647460181,0.4399723444593848,0.0811582568311588,0.7735198208758384,Long
2010-03,2010-03-31,IEF,89.48442,0.24354,-1.25,0.16,3.95613001682304,0.5061506689097387,0.44849685542697,0.076209082061995,0.7565215578356941,Long
2010-04,2010-04-30,IEF,90.666524,0.254951,1.62,0.16,3.881065298146866,0.4961420397529154,0.4547645346933643,0.0744121143877085,0.5560587197396689,Long
2010-05,2010-05-31,IEF,92.928173,0.273317,2.8,0.16,3.779052021177689,0.4825402694903585,0.4603151928561502,0.072199341972845,0.3078293517213402,Long
2010-06,2010-06-30,IEF,95.550381,0.259842,3.11,0.18,3.662419723894141,0.4643226298525521,0.4675948283463784,0.0645597871765629,-0.0506847782022144,Long
2010-07,2010-07-31,IEF,96.301215,0.24823,1.05,0.15,3.63037994899649,0.4640506598661986,0.4744551859250654,0.0537898452590014,-0.1934291874008641,Long
2010-08,2010-08-31,IEF,99.250398,0.253285,3.33,0.14,3.511832768670611,0.4495777024894147,0.4802759672682499,0.0433945977080201,-0.7074213473618993,Cash
2010-09,2010-09-30,IEF,99.012371,0.247179,0.01,0.16,3.509853329338007,0.4466471105784009,0.4861244580544837,0.0248213967579413,-1.5904563252852568,Cash
2010-10,2010-10-31,IEF,98.702092,0.233354,-0.08,0.12,3.500610706407317,0.4507480941876423,0.4875599725415389,0.0210731069536352,-1.7468652550803088,Cash
2010-11,2010-11-30,IEF,97.684425,0.234653,-0.8,0.17,2.989135678487128,0.375884757131617,0.4863420220066245,0.0223371248715032,-4.945008165125323,Cash
2010-12,2010-12-31,IEF,93.805398,0.487768,-3.46,0.12,3.2360813606909913,0.4154775147587988,0.4809271089521469,0.0313414614030112,-2.0882751238606865,Cash
2011-01,2011-01-31,IEF,93.842016,0.0,0.03,0.15,3.2348186125924654,0.411309148345662,0.4781974794559185,0.0340698963193216,-1.9632678210506591,Cash
2011-02,2011-02-28,IEF,93.409787,0.235353,-0.21,0.15,3.1811142016628304,0.4041485602217107,0.475206383554517,0.0366729192946943,-1.937610223004161,Cash
2011-03,2011-03-31,IEF,93.147397,0.216469,-0.05,0.09,3.161012647513918,0.4094683530018557,0.4718743357799057,0.039362369349387,-1.5854224176426983,Cash
2011-04,2011-04-30,IEF,94.359981,0.248253,1.57,0.04,3.113293335656776,0.4097724447542367,0.4693291063050069,0.0413749541839706,-1.4394375226605935,Cash
2011-05,2011-05-31,IEF,96.553387,0.2414,2.58,0.06,3.009512240104016,0.3932682986805355,0.465962202940337,0.042832742136451,-1.697157376201194,Cash
2011-06,2011-06-30,IEF,95.912594,0.244437,-0.42,0.03,3.013557322826657,0.3978076430435543,0.4613794278674312,0.0445198646180126,-1.4279420067723176,Cash
2011-07,2011-07-31,IEF,98.543443,0.23064,2.98,0.1,2.915253326393315,0.3753671101857753,0.4573133420448709,0.0457184339106007,-1.7924111753113845,Cash
2011-08,2011-08-31,IEF,103.100989,0.238186,4.87,0.02,2.7717406280166723,0.366898750402223,0.4525896336188341,0.0481240705793281,-1.7806241696732092,Cash
2011-09,2011-09-30,IEF,104.834697,0.229073,1.9,0.02,2.7086318568746375,0.358484247583285,0.4477265069282223,0.0506819284264321,-1.7608299864611094,Cash
2011-10,2011-10-31,IEF,103.149301,0.211388,-1.41,0.01,2.7315938864190654,0.3628791848558754,0.442841447693868,0.0534409985354761,-1.4962718704612274,Cash
2011-11,2011-11-30,IEF,103.982021,0.209291,1.01,0.01,2.6853276875624488,0.3567103583416598,0.4378724117127858,0.0551456307742245,-1.4717766798863363,Cash
2011-12,2011-12-31,IEF,105.390115,0.3895579999999999,1.74,0.02,2.5562625109575032,0.3381683347943338,0.4302623458997168,0.0530967958958005,-1.73445515029028,Cash
2012-01,2012-01-31,IEF,106.376298,0.0,0.94,0.06,2.5325641619902957,0.3296752215987061,0.422686837371208,0.0527083182142699,-1.7646477619413117,Cash
2012-02,2012-02-29,IEF,105.156374,0.19082,-0.97,0.08,2.5195952458383553,0.3252793661117807,0.4153437069822112,0.0528857367684249,-1.7029986982086045,Cash
2012-03,2012-03-31,IEF,103.287995,0.169604,-1.62,0.07,2.5197991305765983,0.3266398840768797,0.4079491028724513,0.0525390751206358,-1.5475951681463025,Cash
2012-04,2012-04-30,IEF,105.720905,0.177317,2.53,0.1,2.3947146498604037,0.3059619533147205,0.4004694868377488,0.0506965058733209,-1.8641823907781956,Cash
2012-05,2012-05-31,IEF,108.467537,0.168253,2.77,0.07,2.266638542737446,0.2928851390316594,0.3925453165694907,0.0499497740793502,-1.99520777370306,Cash
2012-06,2012-06-30,IEF,107.837752,0.170729,-0.43,0.09,2.2115251438104906,0.2828700191747321,0.3846430194670449,0.050095077711441,-2.0315968143327052,Cash
2012-07,2012-07-31,IEF,109.133085,0.160121,1.35,0.11,2.120658460264364,0.2680877947019152,0.3770824940221358,0.051226654427541,-2.1276950552059035,Cash
2012-08,2012-08-31,IEF,108.850659,0.162208,-0.11,0.09,2.056360540729478,0.262181405430597,0.3689173746402905,0.052366698374743,-2.038241335091946,Cash
2012-09,2012-09-30,IEF,108.439859,0.150782,-0.24,0.1,1.9919529773641624,0.2522603969818883,0.3611091955961732,0.0537690269919503,-2.024377317271901,Cash
2012-10,2012-10-31,IEF,107.949952,0.141279,-0.32,0.11,1.9360471786036553,0.243472957147154,0.3530097491963185,0.0549515167163598,-1.9933351906291223,Cash
2012-11,2012-11-30,IEF,108.881363,0.145278,1.0,0.08,1.860694010599408,0.237425868079921,0.3443732851529648,0.0552101880246517,-1.937095686493426,Cash
2012-12,2012-12-31,IEF,107.720318,0.287381,-0.8,0.05,1.785895210595275,0.2314526947460366,0.3386041647758108,0.0588859557234254,-1.819643898335308,Cash
2013-01,2013-01-31,IEF,106.064691,0.0,-1.54,0.07,1.8137723137287984,0.2325029751638397,0.3309364639419457,0.0604025126527751,-1.6296257300412762,Cash
2013-02,2013-02-28,IEF,107.089217,0.140073,1.1,0.11,1.7490323045316505,0.21853764060422,0.3234862067260365,0.0610815181015082,-1.7181721964966192,Cash
2013-03,2013-03-31,IEF,107.393246,0.126749,0.4,0.07,1.7041760708117526,0.2178901427749003,0.315752418408641,0.0621653487047098,-1.574225475651944,Cash
2013-04,2013-04-30,IEF,108.790432,0.144612,1.44,0.05,1.6522271002655822,0.2136302800354109,0.3077699929825179,0.0619078182705424,-1.5206433626155018,Cash
2013-05,2013-05-31,IEF,105.182422,0.134933,-3.2,0.04,1.677224165840182,0.2182965554453576,0.2995974027859001,0.0607933380944151,-1.3373315216591355,Cash
2013-06,2013-06-30,IEF,102.473287,0.141562,-2.45,0.04,1.6931027107581709,0.2204136947677561,0.2923069134844344,0.0595505084933186,-1.2072645647474949,Cash
2013-07,2013-07-31,IEF,101.912639,0.13928,-0.41,0.04,1.681967042380288,0.2189289389840384,0.2849154989729428,0.0568335055717081,-1.1610503227827045,Cash
2013-08,2013-08-31,IEF,100.624565,0.140747,-1.13,0.03,1.682169756460562,0.2202893008614082,0.2783972418395371,0.0549482432685503,-1.0575031615503354,Cash
2013-09,2013-09-30,IEF,102.030144,0.15088,1.55,0.02,1.6590920424458089,0.2185456056594411,0.2722885147753365,0.0527885592658864,-1.0180787250737806,Cash
2013-10,2013-10-31,IEF,102.791791,0.153328,0.8999999999999999,0.04,1.658520571939446,0.2158027429252594,0.2664577380285096,0.0505341815881747,-1.0023907286371043,Cash
2013-11,2013-11-30,IEF,101.707838,0.161459,-0.89,0.06,1.6921055779398242,0.2176140770586432,0.2603295529480673,0.0471365740788985,-0.9062066288043272,Cash
2013-12,2013-12-31,IEF,99.417557,0.32788,-1.93,0.07,1.771822858210044,0.2269097144280058,0.2545338745612749,0.0431538688308544,-0.6401317166149012,Cash
2014-01,2014-01-31,IEF,102.079029,0.0,2.68,0.02,1.72562672005824,0.2274168960077653,0.2498980987126779,0.0396092316566943,-0.5675748244693138,Cash
2014-02,2014-02-28,IEF,102.444611,0.175249,0.52,0.05,1.7538052831300226,0.2271740377506696,0.2456373351463887,0.0359890170064206,-0.5130258876597054,Cash
2014-03,2014-03-31,IEF,101.69951,0.165796,-0.56,0.05,1.8050490115439104,0.2340065348725213,0.2415496131313425,0.0318875932537822,-0.2365521348315143,Cash
2014-04,2014-04-30,IEF,102.346316,0.189607,0.83,0.03,1.8376049803297267,0.2410139973772969,0.2376898902478275,0.026247842680099,0.1266430605357761,Cash
2014-05,2014-05-31,IEF,104.073606,0.194078,1.87,0.04,1.863936568124679,0.2431915424166238,0.2349837254171015,0.0218890958180941,0.3749728662952546,Cash
2014-06,2014-06-30,IEF,103.63997,0.175425,-0.24,0.04,1.90440908078225,0.2485878774376333,0.2329131588914751,0.0182160327441416,0.8604902486903593,Long
2014-07,2014-07-31,IEF,103.153464,0.192136,-0.29,0.03,1.9646310665825044,0.2579508088776672,0.2314847363190959,0.0152272468215387,1.7380733936180324,Long
2014-08,2014-08-31,IEF,104.854474,0.195573,1.84,0.03,1.985047390538624,0.2606729854051498,0.2310623619097523,0.0142788617907013,2.073738364403845,Long
2014-09,2014-09-30,IEF,103.541465,0.180951,-1.08,0.02,2.039262241460462,0.2692349655280616,0.2309995110753586,0.0141385610723937,2.704338458272071,Long
2014-10,2014-10-31,IEF,105.007848,0.188931,1.6,0.01,2.0446900311679563,0.2712920041557275,0.2317067847647825,0.0155976502599113,2.5378963325447614,Long
2014-11,2014-11-30,IEF,106.168557,0.18052,1.28,0.02,2.0402895746242455,0.2693719432832327,0.2328659117234731,0.0174354647671207,2.0937802374274312,Long
2014-12,2014-12-31,IEF,106.035585,0.335527,0.2,0.04,2.050059892629441,0.2680079856839255,0.2341969981902777,0.0189521928038918,1.7840145382387949,Long
2015-01,2015-01-31,IEF,110.325042,0.0,4.05,0.02,1.970353204125678,0.2600470938834237,0.2357201353126898,0.0201529391868659,1.207117152747036,Long
2015-02,2015-02-28,IEF,107.584099,0.181933,-2.33,0.02,2.026765126322246,0.2675686835096328,0.2368678069260058,0.0207375748254115,1.4804468141571947,Long
2015-03,2015-03-31,IEF,108.333028,0.170064,0.86,0.03,2.016693376280408,0.264892450170721,0.2389107670470646,0.0212617860736709,1.221989678272145,Long
2015-04,2015-04-30,IEF,107.500158,0.174827,-0.61,0.01,2.018569126196075,0.2678092168261434,0.2408691965218905,0.0214055987098625,1.2585501891073194,Long
2015-05,2015-05-31,IEF,107.11103,0.163235,-0.21,0.01,1.9971071139919017,0.2649476151989202,0.2431266522215044,0.0212644750330474,1.0261698416492069,Long
2015-06,2015-06-30,IEF,105.180747,0.169088,-1.65,0.01,2.0277332694737376,0.2690311025964984,0.2450704463779028,0.0210269313086248,1.1395222568101235,Long
2015-07,2015-07-31,IEF,106.292401,0.162466,1.21,0.08,1.978612751442128,0.2531483668589503,0.2470961717041004,0.0208896733985477,0.2897218658895193,Long
2015-08,2015-08-31,IEF,106.422089,0.164209,0.2799999999999999,0.08,1.946730250709512,0.2488973667612682,0.2485219811988884,0.0200338302356722,0.0187375832760801,Long
2015-09,2015-09-30,IEF,107.791364,0.167105,1.45,0.0,1.9091557279115603,0.2545540970548747,0.2497139839447159,0.019110782208352,0.2532660912248521,Long
2015-10,2015-10-31,IEF,106.978933,0.1643,-0.6,0.08,1.900630285777855,0.2427507047703806,0.251214337752859,0.0179347117101968,-0.4719135227396147,Long
2015-11,2015-11-30,IEF,106.362469,0.163008,-0.43,0.22,1.8951816547244689,0.2233575539632625,0.2523371694964057,0.0163991427970375,-1.7671420934500468,Cash
2015-12,2015-12-31,IEF,105.681604,0.328594,-0.33,0.16,1.900831293211636,0.2321108390948848,0.2525764810340982,0.015904858200512,-1.2867541276510384,Cash
2016-01,2016-01-31,IEF,109.000871,0.0,3.14,0.33,1.8429476586476083,0.2017263544863477,0.2527931945618848,0.0155718758030659,-3.279427650295186,Cash
2016-02,2016-02-29,IEF,110.509943,0.159166,1.53,0.33,1.797179462847067,0.1956239283796089,0.2517227553318257,0.0180741007739602,-3.103823955271926,Cash
2016-03,2016-03-31,IEF,110.31472,0.157368,-0.04,0.21,1.788851025502309,0.2105134700669745,0.2504081674413648,0.0208685796593001,-1.9117111957646449,Cash
2016-04,2016-04-30,IEF,110.022938,0.168336,-0.11,0.22,1.7876953985722506,0.2090260531429667,0.2494292897411337,0.0221810942621662,-1.8215168341393295,Cash
2016-05,2016-05-31,IEF,109.795058,0.16117,-0.05,0.34,1.7895249893670078,0.1932699985822677,0.2480964587313699,0.023622936108945,-2.3208994807525976,Cash
2016-06,2016-06-30,IEF,112.883352,0.163443,2.96,0.26,1.735565931812514,0.1967421242416685,0.2460163944049385,0.0261376240939345,-1.885185508299679,Cash
2016-07,2016-07-31,IEF,113.010189,0.157509,0.26,0.28,1.7292316890116872,0.1932308918682249,0.24385615468844,0.0279925269260999,-1.8085277886439284,Cash
2016-08,2016-08-31,IEF,111.885258,0.158313,-0.85,0.33,1.7413482659172137,0.1881797687889618,0.2411594914797132,0.0296443455310104,-1.7871780179909922,Cash
2016-09,2016-09-30,IEF,111.771184,0.155452,0.03,0.29,1.732699726970773,0.192359963596103,0.238138940787372,0.0312209595434356,-1.4662898854079045,Cash
2016-10,2016-10-31,IEF,110.011379,0.149905,-1.44,0.34,1.747331973722464,0.1876442631629951,0.2349358157068737,0.0318295207465381,-1.4857764564055578,Cash
2016-11,2016-11-30,IEF,105.416129,0.153709,-4.04,0.48,1.814679611314508,0.177957281508601,0.2314504931655099,0.032252335364189,-1.6585841320596102,Cash
2016-12,2016-12-31,IEF,104.901612,0.314133,-0.19,0.51,1.8097948771273409,0.1733059836169787,0.2276415489249002,0.032969152976078,-1.6480728318178706,Cash
2017-01,2017-01-31,IEF,105.044281,0.0,0.13,0.52,1.807336850637304,0.1716449134183072,0.2236956321721107,0.0335892156135769,-1.5496259082860049,Cash
2017-02,2017-02-28,IEF,105.685986,0.159282,0.77,0.53,1.7964728076625032,0.168863041021667,0.2200122079860642,0.0342697991975488,-1.492543527014765,Cash
2017-03,2017-03-31,IEF,105.597538,0.144834,0.05,0.76,1.786107929902684,0.1368143906536912,0.215899472882399,0.0342372216137484,-2.3099153056552373,Cash
2017-04,2017-04-30,IEF,106.578489,0.158696,1.08,0.8,1.760623571985525,0.1280831429314033,0.2105628870691894,0.0361944913897914,-2.278792738086366,Cash
2017-05,2017-05-31,IEF,107.362985,0.160289,0.88,0.98,1.7469382022118705,0.1022584269615827,0.2047409673235752,0.0377884498652458,-2.7120069949269348,Cash
2017-06,2017-06-30,IEF,106.567944,0.163645,-0.58,1.03,1.7601606351718675,0.0973547513562489,0.1979622511470195,0.0409762638039576,-2.455262887609916,Cash
2017-07,2017-07-31,IEF,106.794762,0.159282,0.36,1.07,1.7580824797380978,0.0917443306317463,0.1908090698453425,0.0429667727004884,-2.305612755795132,Cash
2017-08,2017-08-31,IEF,108.188675,0.165256,1.47,1.01,1.7418486731628795,0.0975798230883839,0.184083901669209,0.0453505510776965,-1.9074537469814337,Cash
2017-09,2017-09-30,IEF,106.524148,0.162455,-1.4,1.06,1.7756405805752138,0.0954187440766951,0.1777790040161721,0.0464531535121225,-1.772974571424608,Cash
2017-10,2017-10-31,IEF,106.157429,0.158852,-0.19,1.15,1.7902025490839648,0.0853603398778619,0.171148364308748,0.0463752295922894,-1.849867379312116,Cash
2017-11,2017-11-30,IEF,105.682446,0.164305,-0.3,1.27,1.8082747630576224,0.0717699684076829,0.1645904324382263,0.0469346255977827,-1.9776542978309928,Cash
2017-12,2017-12-31,IEF,105.562626,0.323832,0.19,1.39,1.8195151757592696,0.0572686901012359,0.1582742830400772,0.0488433044556223,-2.067951668393202,Cash
2018-01,2018-01-31,IEF,103.246303,0.0,-2.19,1.46,1.860335861130059,0.0533781148173412,0.1509891934986752,0.0503668822598085,-1.938001208369912,Cash
2018-02,2018-02-28,IEF,102.130833,0.167741,-0.92,1.65,1.8889369089939765,0.0318582545325302,0.1448080168457999,0.0529082970225045,-2.134821354488627,Cash
2018-03,2018-03-31,IEF,103.222717,0.159318,1.22,1.73,1.882987637304684,0.0203983516406245,0.1379844471021716,0.0565076166479776,-2.0808893107997584,Cash
2018-04,2018-04-30,IEF,101.779396,0.175035,-1.23,1.87,1.925743398988141,0.0074324531984187,0.1300629838344071,0.0591613812597088,-2.0728138529704063,Cash
2018-05,2018-05-31,IEF,102.682214,0.191181,1.07,1.93,1.9388966428012544,0.0011862190401672,0.1216632505033842,0.0617186237826868,-1.952036906840638,Cash
2018-06,2018-06-30,IEF,102.514988,0.2023,0.03,1.93,1.9797661196624243,0.0066354826216565,0.11365975968913,0.0644242676299541,-1.6612416563616847,Cash
2018-07,2018-07-31,IEF,101.746321,0.189658,-0.56,2.03,2.024577380050921,-0.0007230159932105,0.1057386496216295,0.065443917218727,-1.6267618159075548,Cash
2018-08,2018-08-31,IEF,102.683198,0.199905,1.11,2.11,2.0398488173303675,-0.0093534910226176,0.0976572367940697,0.066141684913863,-1.617901448323375,Cash
2018-09,2018-09-30,IEF,101.104347,0.205728,-1.34,2.19,2.114503543551891,-0.0100661941930811,0.0894266843019206,0.0666756510931172,-1.4921920800751225,Cash
2018-10,2018-10-31,IEF,100.558459,0.204227,-0.33,2.34,2.171105267235649,-0.0225192977019134,0.0809922610607046,0.0658872559145958,-1.5710406713066234,Cash
2018-11,2018-11-30,IEF,101.69596,0.216136,1.35,2.37,2.197787404730729,-0.0229616793692361,0.0722354460246667,0.0650570422382663,-1.463287018878767,Cash
2018-12,2018-12-31,IEF,104.022754,0.424911,2.71,2.45,2.2457971070444835,-0.0272270523940688,0.0638638226547568,0.0637757618695766,-1.4282992845324092,Cash
2019-01,2019-01-31,IEF,104.766877,0.0,0.72,2.41,2.229845984623556,-0.0240205353835258,0.0555082794876298,0.0619233038697304,-1.2843115580276914,Cash
2019-02,2019-02-28,IEF,104.159832,0.220083,-0.37,2.45,2.2930931762639553,-0.0209209098314726,0.0473555524542201,0.058768264723995,-1.1617913614831568,Cash
2019-03,2019-03-31,IEF,106.547126,0.199053,2.49,2.4,2.2790075069692635,-0.0161323324040981,0.0394478878353393,0.0543067628426453,-1.0234493335660964,Cash
2019-04,2019-04-30,IEF,105.856331,0.217854,-0.44,2.43,2.3343299136260445,-0.0127560115165274,0.0330751077079314,0.051273517384209,-0.8938555722836705,Cash
2019-05,2019-05-31,IEF,108.802227,0.211512,2.98,2.35,2.2898125054002803,-0.0080249992799626,0.0272068096059343,0.0478738700824457,-0.7359298261290071,Cash
2019-06,2019-06-30,IEF,110.06506,0.212517,1.36,2.12,2.2728230012321804,0.0203764001642907,0.0226116668458699,0.0455954031080438,-0.0490239482318544,Cash
2019-07,2019-07-31,IEF,109.75227,0.192288,-0.12,2.08,2.281696770372039,0.0268929027162718,0.019404235546205,0.0427262280752893,0.1752709637010483,Cash
2019-08,2019-08-31,IEF,113.889417,0.193542,3.95,1.99,2.1932248542461146,0.0270966472328152,0.0167020927163936,0.0399102013577175,0.2604485610897967,Cash
2019-09,2019-09-30,IEF,112.451407,0.190273,-1.1,1.88,2.207527736847258,0.0436703649129677,0.0137652937224115,0.0361126260823943,0.8281056914090065,Long
2019-10,2019-10-31,IEF,112.455516,0.170727,0.16,1.54,2.177657519262995,0.0850210025683993,0.0116091112572562,0.0323770241398036,2.2674070042432324,Long
2019-11,2019-11-30,IEF,111.54791,0.168071,-0.66,1.59,2.1522868514524385,0.0749715801936584,0.0115949722026953,0.032343473358394,1.9594867653419483,Long
2019-12,2019-12-31,IEF,110.389032,0.316563,-0.76,1.55,2.076730775209624,0.0702307700279498,0.0117283726937776,0.032607976724791,1.7941130732497812,Long
2020-01,2020-01-31,IEF,113.92808,0.0,3.21,1.55,2.0122194633667134,0.0616292617822284,0.0122684593573907,0.0334904611323465,1.4738764638018915,Long
2020-02,2020-02-29,IEF,117.310452,0.153292,3.1,1.27,1.8972665794519312,0.0836355439269241,0.0126122571475943,0.0339697442206717,2.0907807347018412,Long
2020-03,2020-03-31,IEF,121.417739,0.140289,3.63,0.11,1.7846881500568876,0.2232917533409183,0.0147696442056941,0.0367736296178128,5.670425011139448,Long
2020-04,2020-04-30,IEF,121.922032,0.144016,0.53,0.09,1.7167446815518954,0.216899290873586,0.0232235359432063,0.0562747317648563,3.4416113388092677,Long
2020-05,2020-05-31,IEF,121.926568,0.127983,0.11,0.14,1.6481731856833697,0.2010897580911159,0.0319513208463383,0.0686104958568996,2.4651977096557975,Long
2020-06,2020-06-30,IEF,121.88109,0.122219,0.06,0.16,1.574701210827701,0.1886268281103601,0.0402806349734611,0.0764046616357144,1.941585630523312,Long
2020-07,2020-07-31,IEF,122.790871,0.110052,0.84,0.09,1.496061543532825,0.1874748724710433,0.0478636077021571,0.0817634511428358,1.7075021029260822,Long
2020-08,2020-08-31,IEF,121.652475,0.099876,-0.85,0.11,1.4330666104409304,0.176408881392124,0.0557051863881677,0.0858248725936358,1.4063952716302288,Long
2020-09,2020-09-30,IEF,121.880607,0.088008,0.26,0.1,1.3464783614016629,0.166197114853555,0.0634452852387819,0.0880500926442913,1.1669701476621317,Long
2020-10,2020-10-31,IEF,120.191782,0.079256,-1.32,0.09,1.2892936390609468,0.1599058185414595,0.0707895897823918,0.0889978754501647,1.0013298442047551,Long
2020-11,2020-11-30,IEF,120.452891,0.075943,0.28,0.08,1.2100141290921778,0.1506685505456237,0.0783906362925323,0.0884707847008132,0.8169692910209598,Long
2020-12,2020-12-31,IEF,119.953045,0.152286,-0.29,0.09,1.078105186908761,0.1317473582545014,0.0856252292056515,0.0869078710389978,0.5307014025018939,Long
2021-01,2021-01-31,IEF,118.661342,0.0,-1.08,0.06,1.089841036855963,0.1373121382474617,0.0922491629826752,0.0839402148720389,0.5368460794802803,Long
2021-02,2021-02-28,IEF,115.696112,0.077553,-2.43,0.04,1.052309346402237,0.1349745795202982,0.0989713577172997,0.0806184226992694,0.4465880204243282,Long
2021-03,2021-03-31,IEF,112.911746,0.069871,-2.35,0.03,1.015893421752596,0.1314524562336794,0.1054670031069568,0.0767248120831419,0.3386838288839822,Long
2021-04,2021-04-30,IEF,113.979231,0.069712,1.01,0.01,0.9411881362842324,0.1241584181712309,0.1116163693001975,0.072344381296514,0.1733659013493791,Long
2021-05,2021-05-31,IEF,114.348232,0.074471,0.39,0.01,0.8913535278796441,0.1175138037172858,0.1173211372038541,0.0673353281055433,0.0028612990959163,Long
2021-06,2021-06-30,IEF,115.470085,0.078615,1.05,0.05,0.8449313950015712,0.1059908526668761,0.1225519206620728,0.0618254149056033,-0.2678682871838811,Long
2021-07,2021-07-31,IEF,117.673173,0.076732,1.97,0.06,0.8007967967346303,0.098772906231284,0.1261191895163472,0.0580269077628836,-0.4712690084539548,Long
2021-08,2021-08-31,IEF,117.157417,0.076119,-0.37,0.04,0.7840442573089504,0.0992059009745267,0.1291141896628061,0.0544260524095216,-0.5495215501436419,Cash
2021-09,2021-09-30,IEF,115.188378,0.080411,-1.61,0.04,0.7908514867706532,0.1001135315694204,0.132118741902044,0.050390112862734,-0.6351486137728627,Cash
2021-10,2021-10-31,IEF,114.56714,0.080198,-0.47,0.05,0.79596208825672,0.0994616117675626,0.1344705405127296,0.0473053150083247,-0.7400633256327787,Cash
2021-11,2021-11-30,IEF,115.734542,0.081436,1.08,0.05,0.7926795096316188,0.0990239346175491,0.1350722325626947,0.0467374324116965,-0.7712939304753965,Cash
2021-12,2021-12-31,IEF,115.068711,0.193562,-0.4,0.06,0.8331369941217122,0.1030849325495616,0.1360744139970235,0.0456376089571893,-0.7228573582460899,Cash
2022-01,2022-01-31,IEF,112.556457,0.0,-2.18,0.22,0.8517325665288132,0.0842310088705084,0.137443337435424,0.0440415548251065,-1.208230017678239,Cash
2022-02,2022-02-28,IEF,111.984107,0.108126,-0.41,0.35,0.8833869613301466,0.0711182615106862,0.1383850768974356,0.0425668985345188,-1.5802611348863165,Cash
2022-03,2022-03-31,IEF,107.377552,0.100999,-4.03,0.52,0.9502740386556774,0.0573698718207569,0.1378635234634257,0.0433366118083633,-1.857405281211551,Cash
2022-04,2022-04-30,IEF,102.787799,0.121442,-4.17,0.85,1.0430333273309995,0.0257377769774666,0.130950111733419,0.0423389960255909,-2.4849983379945733,Cash
2022-05,2022-05-31,IEF,103.337812,0.125114,0.66,1.16,1.0864890384944477,-0.0098014615340736,0.122985048654414,0.0434337796390815,-3.057217476625198,Cash
2022-06,2022-06-30,IEF,102.199887,0.129264,-0.98,1.72,1.1481451050919458,-0.0762473193210739,0.1141979145033645,0.0480344650404701,-3.964762252769626,Cash
2022-07,2022-07-31,IEF,105.116182,0.155368,3.01,2.41,1.1911001485955797,-0.162519980187256,0.1031614916937214,0.0592982831898214,-4.480424349394684,Cash
2022-08,2022-08-31,IEF,100.864274,0.184051,-3.88,2.96,1.3483178394760469,-0.214890954736527,0.0885783728329589,0.0778092619776792,-3.9001697208815647,Cash
2022-09,2022-09-30,IEF,95.94537,0.179026,-4.71,3.33,1.5202255200016428,-0.2413032639997809,0.0722742129942651,0.0971883174692027,-3.2264935247326743,Cash
2022-10,2022-10-31,IEF,94.330399,0.186566,-1.49,4.22,1.6590134427397047,-0.3414648743013727,0.0552950305420428,0.1141772815881466,-3.474946147996268,Cash
2022-11,2022-11-30,IEF,97.490289,0.202775,3.57,4.37,1.7297035605259106,-0.3520395252632119,0.0344045850069248,0.137657346411379,-2.807290132669537,Cash
2022-12,2022-12-31,IEF,95.760294,0.385845,-1.39,4.42,1.9617483630532715,-0.3277668849262304,0.0134584151815566,0.1561954555140746,-2.184604532729439,Cash
2023-01,2023-01-31,IEF,99.134367,0.0,3.52,4.7,1.8949795684880908,-0.3740027242015879,-0.0056880116176404,0.1687261536123498,-2.1829141760094553,Cash
2023-02,2023-02-28,IEF,95.717173,0.212178,-3.24,4.88,2.071339904700278,-0.3744880127066296,-0.0269927975530175,0.1816696804103441,-1.9127859660935809,Cash
2023-03,2023-03-31,IEF,99.051207,0.196207,3.7,4.85,2.097739202713602,-0.366968106304853,-0.0482204055624728,0.1914241699182498,-1.6651382157148988,Cash
2023-04,2023-04-30,IEF,99.670502,0.195983,0.82,5.1,2.159492484546732,-0.3920676687271023,-0.0689879290015784,0.1980075419964533,-1.6316537060558576,Cash
2023-05,2023-05-31,IEF,98.000249,0.238589,-1.44,5.52,2.3120880029600746,-0.4277215996053233,-0.0904973492890089,0.2040600909728454,-1.6525732626532506,Cash
2023-06,2023-06-30,IEF,96.535965,0.231595,-1.26,5.43,2.453161368408137,-0.3969118175455817,-0.1132154910941176,0.2101548907826549,-1.349939206244154,Cash
2023-07,2023-07-31,IEF,95.710971,0.231854,-0.62,5.55,2.554220247122976,-0.3994373003836032,-0.1341697690196367,0.2124076289194165,-1.2488606586941566,Cash
2023-08,2023-08-31,IEF,94.735838,0.24154,-0.77,5.56,2.641194771507695,-0.3891740304656406,-0.1549285276285903,0.2129965673085426,-1.099761868451743,Cash
2023-09,2023-09-30,IEF,91.549418,0.241752,-3.11,5.55,2.8016387826736375,-0.3664481623101816,-0.1752776914385973,0.2109813397200631,-0.9061013221606966,Cash
2023-10,2023-10-31,IEF,89.54641,0.238922,-1.93,5.59,2.922774905213956,-0.3556300126381391,-0.194717762016914,0.2059376987150245,-0.781363740710216,Cash
2023-11,2023-11-30,IEF,93.291221,0.248776,4.47,5.45,2.854760578168443,-0.3460319229108742,-0.2136799130338183,0.1984898918276365,-0.6667947100902598,Cash
2023-12,2023-12-31,IEF,96.308915,0.530554,3.81,5.4,2.9155660200304405,-0.3312578639959413,-0.2322239070975026,0.1885458887323085,-0.5252512137193508,Cash
2024-01,2024-01-31,IEF,96.339402,0.0,0.03,5.42,2.914643377171886,-0.3340475497104151,-0.2503215236202319,0.175344981323514,-0.4774931421373701,Cash
2024-02,2024-02-29,IEF,94.134995,0.235883,-2.05,5.45,3.008078982741752,-0.3255894689677664,-0.267749796894437,0.1608333750728019,-0.3596248107530416,Cash
2024-03,2024-03-31,IEF,94.538664,0.249254,0.69,5.46,3.0513462724626614,-0.3211538303383118,-0.2842792856643725,0.1439966945635875,-0.2560791050495663,Cash
2024-04,2024-04-30,IEF,91.386792,0.275844,-3.05,5.46,3.2439731553329936,-0.2954702459556008,-0.3000511065876671,0.1243367940627454,0.0368423576190542,Cash
2024-05,2024-05-31,IEF,92.751773,0.27086,1.794143,5.46,3.231026106638414,-0.2971965191148781,-0.3134347742098782,0.1032420811664689,0.1572832987434394,Cash
2024-06,2024-06-30,IEF,93.626241,0.276435,1.242736,5.48,3.248740916555648,-0.2975012111259136,-0.3254095682757451,0.0806992064435946,0.3458318660089712,Cash
2024-07,2024-07-31,IEF,96.033537,0.285078,2.887451,5.41,3.2227262440620095,-0.2916365007917321,-0.3346284804342801,0.0613052427277053,0.7012773741636107,Long
2024-08,2024-08-31,IEF,97.073072,0.289105,1.386029,5.21,3.237213920663807,-0.2630381439114924,-0.3400083354594665,0.0502056641399471,1.533097766288313,Long
2024-09,2024-09-30,IEF,98.063959,0.288194,1.319682,4.73,3.2518623891168823,-0.1970850147844157,-0.3420144683417568,0.0457533377914908,3.1676258072759658,Long
2024-10,2024-10-31,IEF,94.513552,0.285919,-3.340045,4.64,3.423743930394236,-0.1621674759474351,-0.3401720412911166,0.0506169730376489,3.516697160284188,Long
2024-11,2024-11-30,IEF,95.120601,0.291583,0.955299,4.58,3.446896850451986,-0.1510804199397352,-0.3327013163597025,0.062300905635941,2.915220807242828,Long
2024-12,2024-12-31,IEF,92.391888,0.59953,-2.245687,4.37,3.6233538165168793,-0.0995528244644161,-0.3243280203045577,0.0722922086725239,3.109258936303212,Long
2025-01,2025-01-31,IEF,93.010313,0.0,0.669712,4.31,3.599262159240342,-0.0947650454346209,-0.3148191011186487,0.0856036754636455,2.570614573406737,Long
2025-02,2025-02-28,IEF,95.318642,0.296357,2.808781,4.32,3.5755429667157874,-0.0992609377712283,-0.3031841978366918,0.0956024230211839,2.1330344317766663,Long
2025-03,2025-03-31,IEF,95.382579,0.275368,0.355827,4.32,3.600524368291614,-0.0959300842277848,-0.2917164030477167,0.1029056448314337,1.9025809433548848,Long
2025-04,2025-04-30,IEF,96.026325,0.303674,0.995687,4.31,3.6053686319871137,-0.0939508490683847,-0.2804231521278389,0.1089811937066685,1.7110502896615278,Long
2025-05,2025-05-31,IEF,94.555338,0.313378,-1.208583,4.36,3.706423216423805,-0.0871435711434926,-0.2680016179753923,0.112631192460094,1.605754523960837,Long
2025-06,2025-06-30,IEF,95.735029,0.310131,1.581567,4.41,3.6959481152922615,-0.0952069179610318,-0.2538108667894827,0.1130869556455865,1.402495521459736,Long
2025-07,2025-07-31,IEF,94.882168,0.30321,-0.575823,4.41,3.748279655667227,-0.0882293792443697,-0.2412398293067931,0.1132568754474204,1.351003631858612,Long
2025-08,2025-08-31,IEF,96.105317,0.308775,1.615996,4.23,3.7210417816945554,-0.0678610957740593,-0.2282728325926584,0.1121672047926606,1.4301126351068278,Long
2025-09,2025-09-30,IEF,96.445892,0.314136,0.684689,4.02,3.734799819156631,-0.0380266907791157,-0.2148847936471758,0.1112996468336578,1.5890266312559136,Long
2025-10,2025-10-31,IEF,96.801749,0.294485,0.674787,3.89,3.7299191773900695,-0.021344109681324,-0.2012005656667147,0.1120419566989413,1.6052598623270042,Long
2025-11,2025-11-30,IEF,97.442139,0.303792,0.978314,3.88,3.717935625366352,-0.0216085832844864,-0.1872719863768474,0.1127852835690429,1.468838822318056,Long
2025-12,2025-12-31,IEF,96.117827,0.601152,-0.742965,3.67,3.7708488769726345,0.0134465169296846,-0.1737543472257479,0.112370925452625,1.6659190391232952,Long
2026-01,2026-01-31,IEF,95.895221,0.0,-0.231571,3.67,3.77960232241396,0.014613642988528,-0.1593916646871802,0.1133889225774838,1.5345882447802823,Long
2026-02,2026-02-28,IEF,97.955835,0.311986,2.482374,3.67,3.716049176651907,0.0061398902202542,-0.1448641149913909,0.1123697457885934,1.343813712062108,Long
2026-03,2026-03-31,IEF,95.409215,0.28276,-2.316229,3.7,3.822983974870771,0.0163978633161027,-0.1310420583585567,0.1095396391838694,1.3459960501346175,Long
2026-04,2026-04-30,IEF,94.9736,0.317166,-0.123863,3.68,3.854724891969979,0.0232966522626638,-0.1169774044562894,0.1056705186192515,1.327466341150307,Long
2026-05,2026-05-31,IEF,94.612731,0.312472,-0.052057,3.69,3.8684698785409752,0.0237959838054633,-0.1036954503638618,0.1022374080339671,1.2470135601145869,Long
2026-06,2026-06-30,IEF,94.546005,0.317197,0.266038,3.87,3.878673667914366,0.0011564890552487,-0.0903207627421808,0.0966673908773733,0.9463093083113452,Long
2026-07,2026-07-31,IEF,92.906948,0.311059,-1.408076,3.83,3.9555491587130818,0.0167398878284108,-0.0778766919012991,0.0876389020190955,1.0796184976061656,Long
2026-08,2026-08-31,IEF,92.715707,0.317549,0.135745,3.91,3.9731714497954487,0.0084228599727264,-0.0650276757087931,0.0768821747972316,0.9553649578102774,Long
2007-02,2007-02-28,IEI,101.03,0.246579,1.5599999999999998,5.16,,,,,,Cash
2007-03,2007-03-31,IEI,100.89,0.358522,0.21,5.04,,,,,,Cash
2007-04,2007-04-30,IEI,101.03,0.364352,0.51,4.91,,,,,,Cash
2007-05,2007-05-31,IEI,99.7,0.372415,-0.95,4.73,,,,,,Cash
2007-06,2007-06-30,IEI,99.44,0.383046,0.13,4.82,,,,,,Cash
2007-07,2007-07-31,IEI,100.69,0.395937,1.66,4.96,,,,,,Cash
2007-08,2007-08-31,IEI,102.07,0.369913,1.7399999999999998,4.01,,,,,,Cash
2007-09,2007-09-30,IEI,102.32,0.378984,0.61,3.82,,,,,,Cash
2007-10,2007-10-31,IEI,102.64,0.361774,0.67,3.94,,,,,,Cash
2007-11,2007-11-30,IEI,105.65,0.362411,3.29,3.15,,,,,,Cash
2007-12,2007-12-31,IEI,105.261367,0.673563,0.27,3.36,,,,,,Cash
2008-01,2008-01-31,IEI,108.339439,0.0,2.92,1.96,3.939005074597072,0.439778905466016,,,,Cash
2008-02,2008-02-29,IEI,109.898404,0.272727,1.69,1.85,3.906921159655786,0.4570935910346191,,,,Cash
2008-03,2008-03-31,IEI,110.527827,0.243258,0.79,1.38,3.780387358922744,0.5334194130939431,,,,Cash
2008-04,2008-04-30,IEI,107.852212,0.253999,-2.1999999999999997,1.43,3.7718530983861505,0.5204117996413667,,,,Cash
2008-05,2008-05-31,IEI,106.229501,0.269019,-1.26,1.89,3.732137459630918,0.4093638799179818,,,,Cash
2008-06,2008-06-30,IEI,106.655304,0.282712,0.6799999999999999,1.9,3.623164395087187,0.382925421130486,,,,Cash
2008-07,2008-07-31,IEI,107.088211,0.2766,0.67,1.68,3.4970796178488777,0.4037954706330839,,,,Cash
2008-08,2008-08-31,IEI,107.901514,0.268174,1.01,1.72,3.376431770920286,0.3680959490933969,,,,Cash
2008-09,2008-09-30,IEI,108.68177,0.264811,0.98,0.92,3.247138871588124,0.5171419714640275,,,,Cash
2008-10,2008-10-31,IEI,109.886894,0.255,1.35,0.46,3.114360480513718,0.589857884558604,,,,Cash
2008-11,2008-11-30,IEI,114.104178,0.29,4.109999999999999,0.01,2.935793464109614,0.6501763253576921,,,,Cash
2008-12,2008-12-31,IEI,115.595347,0.55567,1.7999999999999998,0.11,2.7959343380836947,0.5968742973519322,,,,Cash
2009-01,2009-01-31,IEI,113.859188,0.0,-1.5,0.24,2.8385675822666148,0.5774594627259143,,,,Cash
2009-02,2009-02-28,IEI,112.974885,0.257488,-0.5499999999999999,0.26,2.8472974325222813,0.5749549850049515,,,,Cash
2009-03,2009-03-31,IEI,114.718669,0.225697,1.76,0.21,2.788709133297214,0.5730464740660476,,,,Cash
2009-04,2009-04-30,IEI,112.935353,0.235995,-1.35,0.14,2.8168026357521545,0.5948450301671454,,,,Cash
2009-05,2009-05-31,IEI,111.63393,0.198738,-0.98,0.14,2.786684120141609,0.5881520266981353,,,,Cash
2009-06,2009-06-30,IEI,110.700123,0.219624,-0.64,0.19,2.7532010962625577,0.5696002436139017,,,,Cash
2009-07,2009-07-31,IEI,111.058099,0.211427,0.51,0.18,2.6856429444195693,0.5568095432043487,,,,Cash
2009-08,2009-08-31,IEI,111.864108,0.219834,0.92,0.15,2.6230790666117856,0.5495731259137302,,,,Cash
2009-09,2009-09-30,IEI,112.403838,0.218154,0.6799999999999999,0.14,2.5689754472618636,0.5397723216137474,,,,Cash
2009-10,2009-10-31,IEI,112.420185,0.216873,0.21,0.05,2.5346871649428437,0.5521527033206319,,,,Cash
2009-11,2009-11-30,IEI,113.707922,0.724925,1.81,0.06,2.8884750879538545,0.628550019545301,,,,Cash
2009-12,2009-12-31,IEI,110.020204,0.725665,-2.62,0.06,3.139805121612026,0.6844011381360058,,,,Cash
2010-01,2010-01-31,IEI,111.955598,0.0,1.76,0.08,3.085526817515637,0.6678948483368082,0.5357604992813755,0.0845115698190579,1.563506030456383,Long
2010-02,2010-02-28,IEI,112.337476,0.224963,0.54,0.13,3.0460849948239894,0.6480188877386643,0.5452653302343251,0.0860610353027535,1.1939614384472967,Long
2010-03,2010-03-31,IEI,111.152578,0.204306,-0.88,0.16,3.0593118586957107,0.6442915241546023,0.5532205509303271,0.0863800315225758,1.0543058577198297,Long
2010-04,2010-04-30,IEI,111.979256,0.230284,0.96,0.16,3.031626679141358,0.6381392620314128,0.5578402222245211,0.0882201719144025,0.9102117810969976,Long
2010-05,2010-05-31,IEI,113.475204,0.226708,1.54,0.16,3.0163091841632643,0.6347353742585031,0.5627455331574397,0.089314765812299,0.8060239585955461,Long
2010-06,2010-06-30,IEI,115.25687,0.23126,1.78,0.18,2.979778125156444,0.6221729167014319,0.5721360120882948,0.0841877274492266,0.5943491543148527,Long
2010-07,2010-07-31,IEI,116.350087,0.201544,1.12,0.15,2.9432861532797996,0.6207302562843999,0.5821046577370842,0.0744055456113012,0.5191225765495766,Long
2010-08,2010-08-31,IEI,117.855588,0.202527,1.48,0.14,2.8910033523399843,0.6113340782977743,0.5911436071392223,0.0642918508981192,0.3140440176554731,Long
2010-09,2010-09-30,IEI,118.231685,0.175472,0.47,0.16,2.8457067155898184,0.5968237145755152,0.6012785291894048,0.0433696778469434,-0.1027172631904527,Long
2010-10,2010-10-31,IEI,118.686245,0.189592,0.5499999999999999,0.12,2.811822043910817,0.598182676424626,0.60459860181905,0.0395285817636112,-0.162311044519445,Long
2010-11,2010-11-30,IEI,117.45763,0.183182,-0.89,0.17,2.380009710735693,0.4911132690523762,0.604945468146801,0.0394300093268787,-2.8869432454541006,Cash
2010-12,2010-12-31,IEI,114.736292,0.371873,-1.99,0.12,2.128106946318258,0.4462459880707239,0.5983178408007462,0.0445345093655191,-3.414696937197293,Cash
2011-01,2011-01-31,IEI,115.333973,0.0,0.51,0.15,2.117078720595188,0.4371286045767085,0.5920416612473625,0.0542918091035816,-2.853341217182506,Cash
2011-02,2011-02-28,IEI,114.646428,0.190533,-0.43,0.15,2.0997435698563582,0.4332763488569685,0.5861945421578122,0.062817781924424,-2.4343137980392116,Cash
2011-03,2011-03-31,IEI,114.338605,0.177338,-0.11,0.09,2.081810426146095,0.4426245391435766,0.5802912656516462,0.0701492116937973,-1.9624842985975048,Cash
2011-04,2011-04-30,IEI,115.74473,0.198407,1.4,0.04,2.0289787707829117,0.4419952823962025,0.57485701836321,0.0755765863401608,-1.757974822639028,Cash
2011-05,2011-05-31,IEI,117.421283,0.193379,1.62,0.06,1.971624684087296,0.4248054853527324,0.568488278872754,0.080122495703573,-1.79328904146472,Cash
2011-06,2011-06-30,IEI,117.122509,0.199301,-0.1,0.03,1.949367392735755,0.4265260872746122,0.5616821729833622,0.085159047523316,-1.5871018950951172,Cash
2011-07,2011-07-31,IEI,119.183522,0.183014,1.91,0.1,1.9001099833247084,0.400024440738824,0.5557207498025586,0.0894789272486833,-1.7400332553274502,Cash
2011-08,2011-08-31,IEI,121.345864,0.188382,1.98,0.02,1.8545939068842097,0.4076875348631577,0.5491880371998283,0.0949519161760149,-1.4902332468400887,Cash
2011-09,2011-09-30,IEI,121.342396,0.163648,0.13,0.02,1.844902584583875,0.4055339076853055,0.5432761375727211,0.0992468064017611,-1.3878756897206457,Cash
2011-10,2011-10-31,IEI,121.089988,0.145047,-0.09,0.01,1.8119615306262973,0.4004358956947327,0.5376828703257027,0.1031584200036599,-1.3304485918464113,Cash
2011-11,2011-11-30,IEI,121.416393,0.153935,0.4,0.01,1.7830022343029086,0.3940004965117574,0.5313613366746236,0.1068168778960549,-1.285946967075129,Cash
2011-12,2011-12-31,IEI,121.904885,0.250118,0.6,0.02,1.675980417027587,0.3679956482283526,0.5215884398815592,0.1082582613235265,-1.4187627787056285,Cash
2012-01,2012-01-31,IEI,122.787483,0.0,0.73,0.06,1.6639334483303971,0.3564296551845327,0.5084048778020737,0.106825334042698,-1.422651508459562,Cash
2012-02,2012-02-29,IEI,121.93282,0.125799,-0.6,0.08,1.622506557299339,0.3427792349554086,0.4954271614207289,0.1055184522284408,-1.4466467545870283,Cash
2012-03,2012-03-31,IEI,121.060101,0.110066,-0.62,0.07,1.5786340703614643,0.3352520156358809,0.4827088425547599,0.1047191535519422,-1.4081170628039708,Cash
2012-04,2012-04-30,IEI,122.419222,0.112526,1.22,0.1,1.4909545822795702,0.3091010182843489,0.4698321963664798,0.1029722390147194,-1.5609175795347627,Cash
2012-05,2012-05-31,IEI,123.244585,0.111047,0.76,0.07,1.4141659854670288,0.2987035523260063,0.4561222695436854,0.1014828405260584,-1.5511855639994396,Cash
2012-06,2012-06-30,IEI,122.876357,0.106351,-0.21,0.09,1.3427587212729624,0.2783908269495472,0.4421209436298314,0.0989169083640077,-1.6552288116180116,Cash
2012-07,2012-07-31,IEI,123.707252,0.096977,0.75,0.11,1.2641910435452886,0.2564868985656197,0.4277966898901695,0.0965737329719486,-1.7738756290420037,Cash
2012-08,2012-08-31,IEI,123.750002,0.090509,0.11,0.09,1.184665031358949,0.2432588958575442,0.4126198833185537,0.0935076858687415,-1.8111985756844065,Cash
2012-09,2012-09-30,IEI,123.651018,0.067785,-0.03,0.1,1.1080863078701058,0.2240191795266901,0.3972834173835441,0.0896019333474058,-1.933710929931294,Cash
2012-10,2012-10-31,IEI,123.268604,0.063218,-0.26,0.11,1.045141226714955,0.2078091614922122,0.3817498950898432,0.0857369198874042,-2.028772830025411,Cash
2012-11,2012-11-30,IEI,123.828639,0.063067,0.51,0.08,0.9670323518616724,0.1971183004137049,0.3654843319676592,0.0797090993252914,-2.11225610349523,Cash
2012-12,2012-12-31,IEI,123.373076,0.120847,-0.27,0.05,0.8658226208123401,0.1812939157360755,0.3532345416077145,0.0821172401181278,-2.093843212756515,Cash
2013-01,2013-01-31,IEI,122.727559,0.0,-0.52,0.07,0.8703766364325717,0.1778614747627937,0.3421948719271042,0.0867485151253553,-1.8943655338289267,Cash
2013-02,2013-02-28,IEI,123.37853,0.06579,0.58,0.11,0.8171462247118684,0.1571436054915263,0.3313920748515245,0.090475616171111,-1.9259163599444575,Cash
2013-03,2013-03-31,IEI,123.465263,0.057488,0.12,0.07,0.7739869310447264,0.1564415402321614,0.3198865438779644,0.0944271800748786,-1.7309105653286991,Cash
2013-04,2013-04-30,IEI,124.094062,0.066029,0.5599999999999999,0.05,0.7325958916551544,0.1516879759233676,0.3079622522566553,0.0963048709652177,-1.6227037611600053,Cash
2013-05,2013-05-31,IEI,122.291118,0.0621,-1.4,0.04,0.7033716054505282,0.1474159123223396,0.2958661144869539,0.0969674187881153,-1.530928677074458,Cash
2013-06,2013-06-30,IEI,120.74599,0.058241,-1.21,0.04,0.6725283382081674,0.1405618529351483,0.2843082156106876,0.0974607407195596,-1.4749155569129646,Cash
2013-07,2013-07-31,IEI,120.94611,0.061853,0.22,0.04,0.6423745253154484,0.1338610056256551,0.2723930391798766,0.0967959501114934,-1.4311759262102888,Cash
2013-08,2013-08-31,IEI,120.049441,0.08668,-0.67,0.03,0.6439830069679374,0.1364406682150972,0.2613028960501612,0.0967846210607682,-1.2901040110150002,Cash
2013-09,2013-09-30,IEI,121.281546,0.08001,1.09,0.02,0.6475206046598383,0.1394490232577418,0.2500009432731587,0.0947636740806163,-1.1666065197236797,Cash
2013-10,2013-10-31,IEI,121.839163,0.094701,0.54,0.04,0.6703969231961976,0.1400882051547105,0.2389140730886768,0.0912771021597042,-1.0827016370551985,Cash
2013-11,2013-11-30,IEI,121.707733,0.105938,-0.02,0.06,0.7063454217818682,0.1436323159515262,0.2280662526495092,0.0865969584026735,-0.9750219667689428,Cash
2013-12,2013-12-31,IEI,120.035453,0.1895,-1.22,0.07,0.7733798447030477,0.1563066321562328,0.2176342451261663,0.0806120169439216,-0.7607750716942929,Cash
2014-01,2014-01-31,IEI,121.45186,0.0,1.17,0.02,0.7643604634791101,0.1654134363286911,0.2088138694564946,0.0748175128491567,-0.5800838797636225,Cash
2014-02,2014-02-28,IEI,121.644636,0.107979,0.25,0.05,0.7978313158008873,0.1661847368446416,0.2008548603375012,0.0683084636799676,-0.5075523826050726,Cash
2014-03,2014-03-31,IEI,120.67126,0.102551,-0.71,0.05,0.8416105044399139,0.1759134454310919,0.1934967562495526,0.0615308870798516,-0.2857639740451329,Cash
2014-04,2014-04-30,IEI,121.161619,0.123008,0.51,0.03,0.8852316507919887,0.1900514779537752,0.1868576491576864,0.0536639725779046,0.0595153255091623,Cash
2014-05,2014-05-31,IEI,122.172792,0.119699,0.93,0.04,0.9250504809614238,0.1966778846580942,0.1818972516439125,0.0469560993484237,0.3147755716356764,Cash
2014-06,2014-06-30,IEI,121.794811,0.122783,-0.21,0.04,0.9809137106834545,0.2090919357074343,0.1776461821577495,0.0400288853036826,0.7855765483130208,Long
2014-07,2014-07-31,IEI,121.095254,0.123081,-0.47,0.03,1.0371422153340544,0.2238093811853454,0.1747587283559948,0.0345734396448696,1.4187380062032438,Long
2014-08,2014-08-31,IEI,122.021065,0.129404,0.87,0.03,1.0642867278694872,0.2298414950821082,0.1733971651318167,0.0317424438084369,1.7781973653612926,Long
2014-09,2014-09-30,IEI,121.253047,0.130029,-0.52,0.02,1.112279677392355,0.242728817198301,0.1728381067661735,0.0305544438160058,2.2874155672084417,Long
2014-10,2014-10-31,IEI,122.297485,0.136935,0.98,0.01,1.1373144754366782,0.2505143278748173,0.1736176750024906,0.0321158410089462,2.3943527697408356,Long
2014-11,2014-11-30,IEI,123.056097,0.136965,0.73,0.02,1.1555169021816123,0.2523370893736916,0.1753970569350992,0.035133828167064,2.189913153577704,Long
2014-12,2014-12-31,IEI,122.285846,0.273925,-0.4,0.04,1.2318343040289388,0.2648520675619863,0.1776978398084319,0.038284850567216,2.2764677532315067,Long
2015-01,2015-01-31,IEI,125.035603,0.0,2.25,0.02,1.2047440599778607,0.2632764577728579,0.1811794294678449,0.0422229061384353,1.9443718069960216,Long
2015-02,2015-02-28,IEI,123.330575,0.142414,-1.26,0.02,1.2493203733137543,0.2731823051808343,0.1847383870932642,0.0454105534524876,1.9476511815718696,Long
2015-03,2015-03-31,IEI,124.1584,0.129225,0.78,0.03,1.2624743875565407,0.2738831972347868,0.1895733329136521,0.0484222982415151,1.7411371905691817,Long
2015-04,2015-04-30,IEI,123.851405,0.141657,-0.14,0.01,1.2806612892280067,0.2823691753840014,0.1944667352887615,0.0508040928225537,1.730223594430898,Long
2015-05,2015-05-31,IEI,123.791957,0.135694,0.06,0.01,1.294197166622061,0.2853771481382358,0.1999117852662879,0.0529764244336017,1.6132716351792715,Long
2015-06,2015-06-30,IEI,123.003319,0.148231,-0.52,0.01,1.3231838077474964,0.2918186239438881,0.2056601700919502,0.0544957089865928,1.5810135413255135,Long
2015-07,2015-07-31,IEI,123.548036,0.134965,0.56,0.08,1.3269688884410915,0.2771041974313536,0.2119625355506477,0.0553790125359041,1.1762878913464248,Long
2015-08,2015-08-31,IEI,123.493841,0.144662,0.0699999999999999,0.08,1.3399064978471276,0.2799792217438061,0.2179310018758851,0.0543042358211489,1.1426036832978703,Long
2015-09,2015-09-30,IEI,124.597331,0.144619,1.02,0.0,1.3397494044234384,0.2977220898718752,0.2239117749395814,0.0528232023463425,1.3973086002689965,Long
2015-10,2015-10-31,IEI,123.865461,0.142772,-0.47,0.08,1.3523778028808209,0.2827506228624046,0.2305064860485035,0.0516875761957963,1.0107677832676158,Long
2015-11,2015-11-30,IEI,123.222608,0.14712,-0.41,0.22,1.3676743475515467,0.2550387439003437,0.2364507534529909,0.048968884535568,0.3795877856652339,Long
2015-12,2015-12-31,IEI,122.632988,0.292646,-0.24,0.16,1.3895160085310814,0.2732257796735736,0.2410926879508582,0.0448989191884088,0.7156762858338657,Long
2016-01,2016-01-31,IEI,125.171432,0.0,2.07,0.33,1.3613369862222235,0.2291859969382718,0.2459643190974141,0.0415149376387238,-0.4041514479716337,Long
2016-02,2016-02-29,IEI,125.751022,0.148222,0.58,0.33,1.3596811960701205,0.2288180435711378,0.2486215091228133,0.0380296695684083,-0.5207372500582136,Cash
2016-03,2016-03-31,IEI,125.931846,0.133426,0.25,0.21,1.3610647778481704,0.255792172855149,0.2512312302364173,0.034069483357275,0.1338717869861024,Cash
2016-04,2016-04-30,IEI,125.64829,0.144514,-0.11,0.22,1.366410159660748,0.254757813257944,0.254559510545753,0.0300571612730734,0.0065975196522834,Cash
2016-05,2016-05-31,IEI,125.274343,0.138199,-0.19,0.34,1.3724885390139303,0.2294418975586511,0.2572556078500934,0.0267380661605918,-1.0402289426763356,Cash
2016-06,2016-06-30,IEI,127.324166,0.140111,1.75,0.26,1.344015086656841,0.240892241479298,0.2586207750542833,0.0242294016177512,-0.7316950643137979,Cash
2016-07,2016-07-31,IEI,127.210863,0.134269,0.02,0.28,1.3446650385509924,0.2365922307891094,0.2599457877947776,0.0221864911197181,-1.0526025444786455,Cash
2016-08,2016-08-31,IEI,126.320054,0.135294,-0.59,0.33,1.3467315332211622,0.2259403407158138,0.2604784065282677,0.0214215142623638,-1.612307392906163,Cash
2016-09,2016-09-30,IEI,126.482381,0.132899,0.23,0.29,1.3357370304406269,0.2323860067645837,0.2603158584296721,0.0216773702957636,-1.2884335730772054,Cash
2016-10,2016-10-31,IEI,125.609042,0.130176,-0.58,0.34,1.33499624971266,0.2211102777139244,0.2598849079949339,0.0221400759628318,-1.7513323055486971,Cash
2016-11,2016-11-30,IEI,122.808302,0.135026,-2.12,0.48,1.3555940216484712,0.1945764492552158,0.2586597392382301,0.0234556449326799,-2.7321052210220538,Cash
2016-12,2016-12-31,IEI,122.518898,0.255569,-0.03,0.51,1.3285338234106543,0.1818964052023676,0.2562530458999603,0.026850250932139,-2.7693089679318357,Cash
2017-01,2017-01-31,IEI,122.822335,0.0,0.24,0.52,1.3252516327750974,0.1789448072833549,0.2527965599683094,0.0307512878416238,-2.4015824334027256,Cash
2017-02,2017-02-28,IEI,123.068314,0.140987,0.32,0.53,1.3167239781963698,0.1748275507103044,0.2492827411979135,0.0341338071421107,-2.181274130296297,Cash
2017-03,2017-03-31,IEI,123.005941,0.131523,0.06,0.76,1.3158445737185978,0.1235210163819106,0.2451846264283081,0.0369294293686452,-3.2944893036905527,Cash
2017-04,2017-04-30,IEI,123.698437,0.143511,0.68,0.8,1.3076672908971356,0.1128149535326968,0.2389195355594382,0.0439383939502152,-2.8700316668293655,Cash
2017-05,2017-05-31,IEI,124.134401,0.14839,0.47,0.98,1.311284371525666,0.0736187492279257,0.2318547763156339,0.0498781259446959,-3.1724533368225933,Cash
2017-06,2017-06-30,IEI,123.55287,0.1536,-0.34,1.03,1.32837383704644,0.0663052971214311,0.223031509694371,0.0580575525808027,-2.699497405696066,Cash
2017-07,2017-07-31,IEI,123.874129,0.151926,0.38,1.07,1.3391827764133055,0.0598183947585123,0.2136351210767686,0.0643489313555675,-2.39035401331413,Cash
2017-08,2017-08-31,IEI,124.603045,0.160791,0.72,1.01,1.351811265928533,0.0759580590952295,0.2045815459654002,0.0700627366500941,-1.835833040786567,Cash
2017-09,2017-09-30,IEI,123.506134,0.161203,-0.75,1.06,1.3867343625216215,0.0726076361159158,0.1960806641883762,0.0728389929665837,-1.6951501255530257,Cash
2017-10,2017-10-31,IEI,123.13044,0.158208,-0.18,1.15,1.4137316491356646,0.0586070331412588,0.1867008952818779,0.0736708373396691,-1.7387322686455358,Cash
2017-11,2017-11-30,IEI,122.473011,0.165357,-0.4,1.27,1.446085946233493,0.0391302102741095,0.1773615790434968,0.0751575625493126,-1.8392210188920168,Cash
2017-12,2017-12-31,IEI,122.134636,0.329351,-0.01,1.39,1.5105027209480528,0.0267783824329006,0.1683653901424037,0.0783112455720175,-1.8080035207624825,Cash
2018-01,2018-01-31,IEI,120.645755,0.0,-1.21,1.46,1.5291437315801126,0.0153652736844694,0.158096748590709,0.0801008811452997,-1.7818964394078332,Cash
2018-02,2018-02-28,IEI,120.026997,0.165997,-0.38,1.65,1.557863686283845,-0.0204747363813677,0.1491875517884672,0.0836621306675669,-2.027946058940229,Cash
2018-03,2018-03-31,IEI,120.614374,0.162958,0.62,1.73,1.5763394833852886,-0.0341467814699358,0.1388003526237795,0.0886713329318716,-1.950428942199334,Cash
2018-04,2018-04-30,IEI,119.524845,0.177927,-0.76,1.87,1.6195026230738891,-0.0556660837613579,0.1267195628602343,0.0917370664189965,-1.9881347174169564,Cash
2018-05,2018-05-31,IEI,120.256112,0.19119,0.78,1.93,1.6452452745187702,-0.0632788278847177,0.1137852338177634,0.094734517117628,-1.8690554096837568,Cash
2018-06,2018-06-30,IEI,119.968962,0.206203,-0.07,1.93,1.6930304023135585,-0.0526599105969869,0.1015885369242897,0.0979843494572675,-1.5742151514568834,Cash
2018-07,2018-07-31,IEI,119.44373,0.192747,-0.28,2.03,1.7346511198201864,-0.0656330844844029,0.0893571972544445,0.0981609101256676,-1.5789409607187388,Cash
2018-08,2018-08-31,IEI,120.075438,0.211438,0.71,2.11,1.7677045658580068,-0.076065652031554,0.0767644757847148,0.0978365921322671,-1.5620957811945744,Cash
2018-09,2018-09-30,IEI,119.035937,0.203825,-0.7,2.19,1.818947331846516,-0.082456148478552,0.0641808927535745,0.0972355417409381,-1.5080601044297908,Cash
2018-10,2018-10-31,IEI,118.872037,0.209083,0.03,2.34,1.8642534072163663,-0.1057214650630296,0.0510624696184438,0.0947625160150673,-1.6544931611624225,Cash
2018-11,2018-11-30,IEI,119.612537,0.219353,0.81,2.37,1.8978545702111476,-0.104921206619745,0.0374444803360707,0.0927250836379959,-1.5353524782098835,Cash
2018-12,2018-12-31,IEI,121.360074,0.427667,1.82,2.45,1.9515380321867637,-0.1107693261807192,0.0249654113412807,0.0907918611979307,-1.4950099681962852,Cash
2019-01,2019-01-31,IEI,121.953232,0.0,0.49,2.41,1.942046111578248,-0.1039897529826116,0.0127710058669854,0.0884210345115322,-1.3205088528382751,Cash
2019-02,2019-02-28,IEI,121.543985,0.229638,-0.15,2.45,2.000945583609094,-0.0997898703090902,0.0009820658559035,0.0840559515741927,-1.198867352968415,Cash
2019-03,2019-03-31,IEI,123.084294,0.218103,1.45,2.4,2.020707857332309,-0.0842871428150424,-0.0104603266865712,0.0778221827853236,-0.9486603110597148,Cash
2019-04,2019-04-30,IEI,122.877207,0.229442,0.02,2.43,2.0660373571153845,-0.0808805873076923,-0.0191189999864443,0.0737194371748201,-0.8377924423756109,Cash
2019-05,2019-05-31,IEI,124.803744,0.228075,1.75,2.35,2.063699306969509,-0.063622376228998,-0.0271896475214605,0.0691059211386165,-0.5272012601417848,Cash
2019-06,2019-06-30,IEI,125.766214,0.225628,0.96,2.12,2.0633514498575907,-0.0125885666983132,-0.0329080277488323,0.0660104292370215,0.3078219803352389,Cash
2019-07,2019-07-31,IEI,125.225301,0.213122,-0.26,2.08,2.088534808153506,0.0018966240341124,-0.036195272074655,0.0627382134867376,0.607156212964524,Long
2019-08,2019-08-31,IEI,127.716557,0.219037,2.17,1.99,2.0537454670031545,0.0141656593340343,-0.0386086791881716,0.0599356533370466,0.8805166137996495,Long
2019-09,2019-09-30,IEI,126.743565,0.215453,-0.6,1.88,2.078686203911023,0.0441524897580051,-0.0411833625115548,0.0559980573676912,1.5239073689508988,Long
2019-10,2019-10-31,IEI,126.893356,0.200025,0.28,1.54,2.069094145480714,0.1175764767734919,-0.0423689936098011,0.0537397411336132,2.97629774556636,Long
2019-11,2019-11-30,IEI,126.276075,0.190712,-0.33,1.59,2.0565273350474347,0.1036727411216521,-0.039911933458458,0.0595871954880755,2.4096565277827833,Long
2019-12,2019-12-31,IEI,125.802682,0.3590959999999999,-0.09,1.55,2.0097592196007397,0.102168715466831,-0.0372226613398104,0.064558670579507,2.1591426148556505,Long
2020-01,2020-01-31,IEI,127.98966,0.0,1.74,1.55,1.9754181704990856,0.094537371222019,-0.0340813974633966,0.0694565570120008,1.8517872785314224,Long
2020-02,2020-02-29,IEI,130.230559,0.19853,1.91,1.27,1.9175399531226769,0.1438977673605948,-0.0307825600659987,0.0736600725629358,2.371438438067585,Long
2020-03,2020-03-31,IEI,133.320587,0.180817,2.52,0.11,1.845129139732936,0.3855842532739857,-0.023933705743417,0.0818468205797859,5.003468138608958,Long
2020-04,2020-04-30,IEI,133.414552,0.162419,0.19,0.09,1.793592950789956,0.3785762112866568,-0.0064449126290869,0.1169047939488509,3.293458813025247,Long
2020-05,2020-05-31,IEI,133.606708,0.125352,0.24,0.14,1.7141287546730062,0.3498063899273347,0.011648516331247,0.1402321707749443,2.411414383214463,Long
2020-06,2020-06-30,IEI,133.665341,0.124434,0.14,0.16,1.637669857887842,0.3283710795306315,0.0288604004067491,0.1551889570879863,1.9299741730596909,Long
2020-07,2020-07-31,IEI,134.021755,0.113623,0.35,0.09,1.559073748885022,0.3264608330855604,0.0447366916620666,0.1656259289816563,1.700966407588849,Long
2020-08,2020-08-31,IEI,133.639981,0.114974,-0.2,0.11,1.4856594449830098,0.3057020988851133,0.0610739382274817,0.1734203339764884,1.4106082893993108,Long
2020-09,2020-09-30,IEI,133.612509,0.105575,0.06,0.1,1.4037285984952204,0.2897174663322712,0.0769809278490095,0.1777490873893946,1.196836178501553,Long
2020-10,2020-10-31,IEI,132.894489,0.09527,-0.47,0.09,1.3324871582899125,0.2761082573977583,0.0924881617994605,0.1794610586003989,1.0231751502545163,Long
2020-11,2020-11-30,IEI,133.013103,0.091594,0.16,0.08,1.256781446561697,0.2615069881248215,0.10839773356866,0.1780447893936047,0.8599479663383007,Long
2020-12,2020-12-31,IEI,132.954954,0.176968,0.09,0.09,1.1203463693425069,0.2289658598538904,0.1236655750163503,0.1746352332227049,0.6029727386297533,Long
2021-01,2021-01-31,IEI,132.584721,0.0,-0.28,0.06,1.1234748534863228,0.2363277452191828,0.1378212077677923,0.1684663491446024,0.5847253053892543,Long
2021-02,2021-02-28,IEI,130.991893,0.086751,-1.14,0.04,1.0518032593055204,0.2248451687345601,0.1520011035262004,0.1614023165068555,0.4513198248010622,Long
2021-03,2021-03-31,IEI,129.845692,0.078274,-0.81,0.03,0.9821149861483272,0.2115811080329616,0.1655275634863525,0.1527548019982109,0.3014867221467017,Long
2021-04,2021-04-30,IEI,130.405391,0.078275,0.49,0.01,0.9133748159230626,0.2007499590940139,0.177855407271686,0.1433676943742224,0.1596911488481348,Long
2021-05,2021-05-31,IEI,130.717458,0.07943,0.3,0.01,0.8760635476861858,0.1924585661524857,0.1895900133717571,0.1323736190154255,0.021670124319818,Long
2021-06,2021-06-30,IEI,130.500864,0.076072,-0.11,0.05,0.8404588033991865,0.1756575118664859,0.2002600526376523,0.1208993735186805,-0.2034960153649182,Long
2021-07,2021-07-31,IEI,131.679281,0.073939,0.96,0.06,0.8028005559963528,0.1650667902214117,0.2081036392445189,0.1122898756004455,-0.3832656220605561,Long
2021-08,2021-08-31,IEI,131.303521,0.078174,-0.23,0.04,0.7770713170745818,0.1637936260165737,0.2149023961689897,0.1038872412739934,-0.4919638785827523,Long
2021-09,2021-09-30,IEI,130.127401,0.079001,-0.83,0.04,0.7636731329168712,0.1608162517593047,0.2211368947807622,0.0954651924297116,-0.631860068431433,Cash
2021-10,2021-10-31,IEI,128.985216,0.074048,-0.82,0.05,0.7539825339362923,0.1564405630969538,0.2259978848641497,0.0887989588591646,-0.7833123570459198,Cash
2021-11,2021-11-30,IEI,129.308851,0.077965,0.31,0.05,0.7415555799811414,0.1536790177735869,0.2276172217942939,0.0870734203945331,-0.8491478075133613,Cash
2021-12,2021-12-31,IEI,128.682205,0.159309,-0.36,0.06,0.7314437920923098,0.1492097315760688,0.2297008166547912,0.0845400299588625,-0.9521061811533508,Cash
2022-01,2022-01-31,IEI,126.800898,0.0,-1.46,0.22,0.7422960048752967,0.116065778861177,0.2316608589926761,0.0819606371232123,-1.4103731277457467,Cash
2022-02,2022-02-28,IEI,126.059431,0.081356,-0.52,0.35,0.7423823767695731,0.0871960837265718,0.232557875977641,0.0804994245646981,-1.805749457677684,Cash
2022-03,2022-03-31,IEI,122.042202,0.079004,-3.13,0.52,0.7674173233944108,0.0549816274209801,0.2301953058262234,0.0839718102936571,-2.0865773620040464,Cash
2022-04,2022-04-30,IEI,119.537918,0.096551,-1.97,0.85,0.7987833617781431,-0.0113814751604126,0.2164201964156815,0.0844880012115678,-2.6962606323902967,Cash
2022-05,2022-05-31,IEI,120.312629,0.094866,0.73,1.16,0.806469784647462,-0.0785622700783417,0.2001719594803869,0.0893069980096966,-3.12107937530791,Cash
2022-06,2022-06-30,IEI,119.264831,0.100615,-0.79,1.72,0.8341335762258364,-0.1968592052831474,0.1823232653134837,0.1002385208216922,-3.782801935706276,Cash
2022-07,2022-07-31,IEI,121.192464,0.119497,1.72,2.41,0.8584576677969019,-0.3447871849340218,0.1604386701129096,0.1219503523534324,-4.142881470179788,Cash
2022-08,2022-08-31,IEI,117.852552,0.143335,-2.64,2.96,0.9380764194228056,-0.4493163512393765,0.132470002695427,0.1547746366620579,-3.758925664319941,Cash
2022-09,2022-09-30,IEI,114.24496,0.152317,-2.94,3.33,1.0318730909442306,-0.5106948686790598,0.1010109006069066,0.190614923398658,-3.2091179346258527,Cash
2022-10,2022-10-31,IEI,113.452714,0.16235,-0.55,4.22,1.116910257431127,-0.6895754983486384,0.0676603866481012,0.2233697212938608,-3.390056094489793,Cash
2022-11,2022-11-30,IEI,115.796567,0.172513,2.22,4.37,1.1759528242318271,-0.7097882612818162,0.0274235634920013,0.2669198193557364,-2.761922387603976,Cash
2022-12,2022-12-31,IEI,114.796397,0.3749,-0.54,4.42,1.3740013112084,-0.6768885975092443,-0.0130470718999419,0.3013043859039881,-2.2032255641338003,Cash
2023-01,2023-01-31,IEI,117.241051,0.0,2.13,4.7,1.3453512967910874,-0.7454774896019806,-0.0507910076234058,0.3254404679259092,-2.1346038690453493,Cash
2023-02,2023-02-28,IEI,114.4668,0.180803,-2.22,4.88,1.4648360922118902,-0.7589253128418022,-0.0916995590742876,0.3486590684206301,-1.913691093106916,Cash
2023-03,2023-03-31,IEI,117.533525,0.192012,2.85,4.85,1.522764675015065,-0.73938562777443,-0.132689995806636,0.367164032642058,-1.6523830714084435,Cash
2023-04,2023-04-30,IEI,118.135335,0.203799,0.69,5.1,1.605791357852416,-0.7764908093661297,-0.1723136097986107,0.3795015653269272,-1.592028214816562,Cash
2023-05,2023-05-31,IEI,116.85625,0.201475,-0.91,5.52,1.7145989196127722,-0.845644684530495,-0.2130319751511167,0.3900142188803394,-1.6220247333430446,Cash
2023-06,2023-06-30,IEI,115.198559,0.219681,-1.23,5.43,1.842628951634716,-0.7971935663033963,-0.2562862772629076,0.40051211351798,-1.3505391492140373,Cash
2023-07,2023-07-31,IEI,115.07276,0.222143,0.08,5.55,1.9338442912119256,-0.803590157508461,-0.2968217388533193,0.4041092841629563,-1.2540380498924348,Cash
2023-08,2023-08-31,IEI,114.791122,0.227742,-0.05,5.56,2.012119891989556,-0.7884178017800986,-0.3371824450087307,0.4043447060420172,-1.115967020289065,Cash
2023-09,2023-09-30,IEI,113.127245,0.231593,-1.25,5.55,2.111791019042318,-0.7640464402128182,-0.3768579211669253,0.399740874309533,-0.9685987696771772,Cash
2023-10,2023-10-31,IEI,112.237037,0.242707,-0.57,5.59,2.200136484358546,-0.7533030034758786,-0.4153938666657639,0.3901178532306418,-0.8661719375614918,Cash
2023-11,2023-11-30,IEI,114.90725,0.274717,2.63,5.45,2.2379545241923378,-0.7137878835128139,-0.4532998486062985,0.3760849726421239,-0.6926307985041225,Cash
2023-12,2023-12-31,IEI,117.034999,0.566721,2.35,5.4,2.36116804683358,-0.6752959895925379,-0.4894443028265652,0.3563824525570154,-0.5214950551928182,Cash
2024-01,2024-01-31,IEI,117.388169,0.0,0.3,5.42,2.354064318014876,-0.6813190404411387,-0.5237987078752572,0.3309755591651505,-0.4759273855846311,Cash
2024-02,2024-02-29,IEI,115.500023,0.28656,-1.37,5.45,2.4841120594408883,-0.659086209013136,-0.557023075346187,0.3027715716021968,-0.337096158423509,Cash
2024-03,2024-03-31,IEI,115.738973,0.274853,0.45,5.46,2.5505591794045035,-0.646542404576777,-0.5881181708770081,0.2703152108728591,-0.2161337259235786,Cash
2024-04,2024-04-30,IEI,113.461326,0.305631,-1.71,5.46,2.691510056915781,-0.6152199873520486,-0.6173483388769146,0.2331213137695466,0.0091298023782158,Cash
2024-05,2024-05-31,IEI,114.6258,0.29555,1.290234,5.46,2.7462386303956,-0.6030580821343111,-0.6425082768848995,0.1942167916774325,0.2031245311482118,Cash
2024-06,2024-06-30,IEI,115.426657,0.299156,0.960234,5.48,2.7960378337908542,-0.5964360369353658,-0.6643622690538983,0.1531726252363629,0.4434619568197284,Cash
2024-07,2024-07-31,IEI,117.634652,0.301157,2.179811,5.41,2.8107253634753815,-0.5776165858943597,-0.681011303706074,0.1177737166477902,0.8779099510030983,Long
2024-08,2024-08-31,IEI,118.677202,0.315442,1.156887,5.21,2.8599317668443183,-0.5222373851457071,-0.6907125287460881,0.0965514034915788,1.7449269250143562,Long
2024-09,2024-09-30,IEI,119.599556,0.319748,1.048469,4.73,2.9115843874871907,-0.4040923583361799,-0.6937509051588518,0.0895156505187673,3.23584250512645,Long
2024-10,2024-10-31,IEI,116.71862,0.314933,-2.152446,4.64,3.045330727865014,-0.3543709493633302,-0.689309133894565,0.1009130590308021,3.3190767156211205,Long
2024-11,2024-11-30,IEI,117.0878,0.320255,0.592471,4.58,3.0746209254935186,-0.3345286832236625,-0.675342277686844,0.1218910791184438,2.7960503502639966,Long
2024-12,2024-12-31,IEI,115.448425,0.6413260000000001,-0.852893,4.37,3.18290266844264,-0.2637994070127467,-0.659706461934421,0.1400032452484725,2.8278419847985186,Long
2025-01,2025-01-31,IEI,116.120921,0.0,0.582781,4.31,3.164469389628765,-0.2545623578602744,-0.6424944123304003,0.1615358296987312,2.4015232731563634,Long
2025-02,2025-02-28,IEI,117.756572,0.329212,1.696931,4.32,3.1567350652836597,-0.2585033188258535,-0.6220396151744958,0.1781550562558492,2.040561205439863,Long
2025-03,2025-03-31,IEI,118.140726,0.303826,0.585014,4.32,3.1709945645670063,-0.255334541207332,-0.6011886987571645,0.1903073990388539,1.8173447763805624,Long
2025-04,2025-04-30,IEI,119.328046,0.341732,1.297578,4.31,3.1696965858302915,-0.2534007587043796,-0.5810199034835355,0.2004064154144538,1.6347737376651226,Long
2025-05,2025-05-31,IEI,118.128475,0.335038,-0.72483,4.36,3.2353122310264313,-0.2499306153274597,-0.5592244847059625,0.206573208737866,1.4972603236801416,Long
2025-06,2025-06-30,IEI,119.063564,0.362877,1.102825,4.41,3.2634215451504542,-0.254795212188788,-0.5344030651558361,0.2064510659984834,1.3543541255878142,Long
2025-07,2025-07-31,IEI,118.290984,0.342218,-0.361138,4.41,3.3194474060677353,-0.2423450208738366,-0.5118031337343941,0.20612053452703,1.3072841746644197,Long
2025-08,2025-08-31,IEI,119.621105,0.350577,1.42195,4.23,3.3119088809621013,-0.2040202486750887,-0.4884179197079514,0.203396559442198,1.3982422899030598,Long
2025-09,2025-09-30,IEI,119.481632,0.348455,0.17579,4.02,3.3398012173117957,-0.151155285041823,-0.4640680216619093,0.2008856233354858,1.5576661556188691,Long
2025-10,2025-10-31,IEI,119.696666,0.34615,0.470988,3.89,3.3598813855015814,-0.1178041365552041,-0.4385308901964512,0.2000479965653398,1.6032490159754793,Long
2025-11,2025-11-30,IEI,120.20476,0.366168,0.732791,3.88,3.383875147706297,-0.1102499671763783,-0.4120517707414231,0.1986255312388082,1.519451208929366,Long
2025-12,2025-12-31,IEI,119.299315,0.721271,-0.152438,3.67,3.476569836130241,-0.0429844808599464,-0.3869043575607383,0.1969617671694814,1.746125055858461,Long
2026-01,2026-01-31,IEI,119.306336,0.0,0.00615,3.67,3.476365245178596,-0.0430299455158675,-0.3605580446968803,0.1989879435978047,1.5957152651559732,Long
2026-02,2026-02-28,IEI,120.690932,0.367043,1.473315,3.67,3.467828883780597,-0.0449269147154228,-0.3339626657416607,0.1968969688699109,1.4679542944980666,Long
2026-03,2026-03-31,IEI,118.561169,0.3312,-1.493453,3.7,3.553211422873201,-0.0326196838059553,-0.3083726951459226,0.1926693049663949,1.431224404884129,Long
2026-04,2026-04-30,IEI,118.216216,0.361485,0.014465,3.68,3.5802888497124625,-0.0221580333972305,-0.2827925817804717,0.1864741925080231,1.39769769144879,Long
2026-05,2026-05-31,IEI,117.69867,0.359653,-0.133855,3.69,3.616945713999996,-0.0162342857777786,-0.2580816670323543,0.1796781721150951,1.3460031255196498,Long
2026-06,2026-06-30,IEI,117.433833,0.369419,0.09003,3.87,3.630673453365011,-0.0531836770299975,-0.2336306755174988,0.1703794553437007,1.0590889501524208,Long
2026-07,2026-07-31,IEI,116.410342,0.362536,-0.564614,3.83,3.68004846167362,-0.0333225640725289,-0.2109951605214417,0.1555225755350522,1.1424231873582131,Long
2026-08,2026-08-31,IEI,116.135172,0.378981,0.088775,3.91,3.713225653981896,-0.0437276324484675,-0.1883162429455321,0.138488663364749,1.0440465449236789,Long
2002-08,2002-08-31,SHY,81.502356,0.0,0.32,1.69,,,,,,Cash
2002-09,2002-09-30,SHY,82.052651,0.132567,0.84,1.57,,,,,,Cash
2002-10,2002-10-31,SHY,82.109021,0.119812,0.22,1.44,,,,,,Cash
2002-11,2002-11-30,SHY,81.68154,0.132896,-0.36,1.22,,,,,,Cash
2002-12,2002-12-31,SHY,82.210113,0.120457,0.97,1.22,,,,,,Cash
2003-01,2003-01-31,SHY,82.181559,0.13909,-0.04,1.18,,,,,,Cash
2003-02,2003-02-28,SHY,82.402519,0.121743,0.41,1.2,,,,,,Cash
2003-03,2003-03-31,SHY,82.449049,0.107408,0.19,1.14,,,,,,Cash
2003-04,2003-04-30,SHY,82.484608,0.112463,0.18,1.13,,,,,,Cash
2003-05,2003-05-31,SHY,82.634449,0.130347,0.34,1.11,,,,,,Cash
2003-06,2003-06-30,SHY,82.658868,0.107222,0.17,0.9,,,,,,Cash
2003-07,2003-07-31,SHY,82.086016,0.102018,-0.56,0.96,1.6154066972869043,0.344950893308897,,,,Cash
2003-08,2003-08-31,SHY,82.007895,0.101983,0.03,0.98,1.7413030781975318,0.4006858306302799,,,,Cash
2003-09,2003-09-30,SHY,82.679501,0.103444,0.94,0.95,1.6919344977662605,0.3904918409296108,,,,Cash
2003-10,2003-10-31,SHY,82.274275,0.092651,-0.38,0.96,1.6672550441799705,0.3722394969368266,,,,Cash
2003-11,2003-11-30,SHY,82.097962,0.110576,-0.08,0.93,1.6436485962952403,0.3756045243659159,,,,Cash
2003-12,2003-12-31,SHY,82.349667,0.108317,0.57,0.95,1.623882704953743,0.3546751078703911,,,,Cash
2004-01,2004-01-31,SHY,82.513102,0.116072,0.19,0.92,1.5927700791081638,0.3540895153200862,,,,Cash
2004-02,2004-02-29,SHY,82.804066,0.119141,0.49,0.96,1.584030909786483,0.3284373209402543,,,,Cash
2004-03,2004-03-31,SHY,82.941157,0.113281,0.31,0.95,1.5884936353130448,0.3360492817437078,,,,Cash
2004-04,2004-04-30,SHY,81.972552,0.119909,-1.02,0.98,1.6163471401988316,0.3349195474730693,,,,Cash
2004-05,2004-05-31,SHY,81.741246,0.116009,-0.14,1.08,1.6033802567678013,0.2754632930356848,,,,Cash
2004-06,2004-06-30,SHY,81.623747,0.123543,0.01,1.33,1.625683760879049,0.1556230320416047,,,,Cash
2004-07,2004-07-31,SHY,81.76522,0.147396,0.36,1.45,1.6783688712633562,0.1201941427701875,,,,Cash
2004-08,2004-08-31,SHY,82.193501,0.143007,0.68,1.59,1.7195349788056844,0.0681763046345707,,,,Cash
2004-09,2004-09-30,SHY,81.997714,0.131527,-0.08,1.71,1.757889250424713,0.0252048686445858,,,,Cash
2004-10,2004-10-31,SHY,82.095189,0.132071,0.29,1.91,1.8038194662052605,-0.0558844914709155,,,,Cash
2004-11,2004-11-30,SHY,81.539731,0.137787,-0.51,2.23,1.8494787528793784,-0.2002743405898008,,,,Cash
2004-12,2004-12-31,SHY,81.418337,0.145028,0.22,2.22,1.89732566018881,-0.1698285999006264,,,,Cash
2005-01,2005-01-31,SHY,81.37032,0.153864,-0.06,2.51,1.944889733750586,-0.2974264559207441,,,,Cash
2005-02,2005-02-28,SHY,80.99121,0.170677,-0.25,2.76,2.0176251225287287,-0.3907236197217216,,,,Cash
2005-03,2005-03-31,SHY,80.815476,0.163049,-0.01,2.79,2.083594731286369,-0.3717922466913848,,,,Cash
2005-04,2005-04-30,SHY,81.079531,0.19,0.56,2.9,2.163256223078054,-0.3877598825904979,,,,Cash
2005-05,2005-05-31,SHY,81.193748,0.19,0.37,2.99,2.2513420614602,-0.3887673360735789,,,,Cash
2005-06,2005-06-30,SHY,81.146627,0.189562,0.19,3.13,2.3340070561404853,-0.4189436546629024,,,,Cash
2005-07,2005-07-31,SHY,80.698223,0.186354,-0.33,3.42,2.3952522473760047,-0.5393409224336817,0.0648085155426458,0.3123040875963022,-1.9344909720082728,Cash
2005-08,2005-08-31,SHY,81.025128,0.181254,0.64,3.52,2.43279220737547,-0.572214627697121,0.0279630232200383,0.3295064171872272,-1.8214444988369844,Cash
2005-09,2005-09-30,SHY,80.581027,0.228283,-0.27,3.55,2.566272827473395,-0.5177511434350553,-0.0125744958769366,0.3412932544233143,-1.4801835108394374,Cash
2005-10,2005-10-31,SHY,80.318225,0.234042,-0.03,3.98,2.7016284286660968,-0.6728271428073175,-0.0504179535587977,0.3449911709815114,-1.804130776673921,Cash
2005-11,2005-11-30,SHY,80.346296,0.232102,0.33,3.95,2.818070169656608,-0.595752542285996,-0.0939623968814704,0.3551289979104504,-1.4129799266098153,Cash
2005-12,2005-12-31,SHY,80.162145,0.480337,0.37,4.08,3.2428323867830637,-0.4406145332720718,-0.1344356079919667,0.3546381030732062,-0.8633559750822996,Cash
2006-01,2006-01-31,SHY,80.287401,0.0,0.16,4.47,3.0461317336701437,-0.7494043506999243,-0.1675726763729027,0.3439433036047373,-1.6916499557603473,Cash
2006-02,2006-02-28,SHY,80.07742,0.246626,0.04,4.62,3.148963840243604,-0.7742295577665242,-0.2135515874570698,0.3449316327240759,-1.6254756511646538,Cash
2006-03,2006-03-31,SHY,79.911022,0.279152,0.14,4.63,3.3008112447867326,-0.6995730290596144,-0.2594960407365189,0.3430322903743645,-1.2829025158034608,Cash
2006-04,2006-04-30,SHY,79.870302,0.265848,0.29,4.77,3.3974580439172493,-0.7223905032014476,-0.3026469703533239,0.3297391565009132,-1.2729562885473118,Cash
2006-05,2006-05-31,SHY,79.729389,0.262708,0.15,4.86,3.494656154959371,-0.7186020237055943,-0.3467015557980955,0.3109491901269521,-1.196016840422263,Cash
2006-06,2006-06-30,SHY,79.600853,0.267869,0.17,5.01,3.598673747880566,-0.7428032905891756,-0.3881209439956488,0.2899702724637097,-1.2231679598739411,Cash
2006-07,2006-07-31,SHY,79.9134,0.277629,0.74,5.1,3.698816468827506,-0.7374650164065756,-0.4255553741052646,0.2742906609005288,-1.137150062919658,Cash
2006-08,2006-08-31,SHY,80.18,0.289059,0.7,5.05,3.8209715639810424,-0.646857071588925,-0.4612911724042964,0.2553096490100674,-0.7268268156105268,Cash
2006-09,2006-09-30,SHY,80.29,0.291032,0.5,4.89,3.8938896500186817,-0.5242686052533253,-0.4910842297469421,0.2314421001407942,-0.1433808952053059,Cash
2006-10,2006-10-31,SHY,80.31,0.294347,0.4,5.08,3.968010210434566,-0.5852577839818075,-0.5139789578260218,0.2036591328872215,-0.3499908162491154,Cash
2006-11,2006-11-30,SHY,80.42,0.297099,0.51,5.03,4.043404625714997,-0.5192607233078965,-0.5360361783473089,0.1790707417771959,0.0936806028328445,Cash
2006-12,2006-12-31,SHY,79.86,0.5323640000000001,-0.04,5.02,4.13690583521162,-0.4647864025201996,-0.5493272776272295,0.1642944503297344,0.5145692683919557,Long
2007-01,2007-01-31,SHY,80.04,0.0,0.23,5.12,4.127602448775612,-0.522314500644415,-0.5616171860697118,0.1445133115862661,0.2719658486397315,Long
2007-02,2007-02-28,SHY,80.38,0.30031,0.81,5.16,4.17693082856432,-0.5174048270714107,-0.5709875212665314,0.133510286041392,0.4013375731852492,Long
2007-03,2007-03-31,SHY,80.4,0.271375,0.36,5.04,4.166218905472636,-0.4598847865933494,-0.5762659049061017,0.1284831705978891,0.9058082686719154,Long
2007-04,2007-04-30,SHY,80.39,0.294876,0.36,4.91,4.202846125139943,-0.3721862499263459,-0.579936427402017,0.1235514362285163,1.6814873531006451,Long
2007-05,2007-05-31,SHY,80.02,0.286101,-0.11,4.73,4.2515133716570865,-0.251835067548902,-0.5792875260410106,0.124640740457109,2.6271703561067214,Long
2007-06,2007-06-30,SHY,80.07,0.288699,0.42,4.82,4.274873235918572,-0.2869088232007517,-0.5735820148524824,0.1363273119109936,2.1028302225961584,Long
2007-07,2007-07-31,SHY,80.48,0.30245,0.89,4.96,4.283936381709742,-0.3558229569948727,-0.5680805635415594,0.1452135220301488,1.4616931231970145,Long
2007-08,2007-08-31,SHY,81.02,0.301976,1.05,4.01,4.27132683288077,0.1375404383583,-0.5604339816482758,0.1514888832143932,4.607429965793425,Long
2007-09,2007-09-30,SHY,81.26,0.305825,0.68,3.82,4.276916071868078,0.240482143088462,-0.5308608538959666,0.2078737189909961,3.7106325933286386,Long
2007-10,2007-10-31,SHY,81.3,0.297211,0.41,3.94,4.278334563345633,0.1780708228134912,-0.4992678002908199,0.2608270591212734,2.5968878588987874,Long
2007-11,2007-11-30,SHY,82.4,0.30292,1.73,3.15,4.228285194174757,0.5675185232498721,-0.463813718389953,0.2921587060157458,3.5300411057551773,Long
2007-12,2007-12-31,SHY,82.046299,0.555457,0.26,3.36,4.274659604085249,0.4813997916238154,-0.4153440906592918,0.3583209238279263,2.502627735782864,Long
2008-01,2008-01-31,SHY,83.47863,0.0,1.75,1.96,4.201314755644649,1.179639345076131,-0.3769268271219632,0.4022301455772003,3.869839665956468,Long
2008-02,2008-02-29,SHY,84.127619,0.22126,1.05,1.85,4.074940002759379,1.1710210540838837,-0.2965500064646275,0.5043401808277469,2.909883281835416,Long
2008-03,2008-03-31,SHY,84.203115,0.162951,0.27,1.38,3.94252160386228,1.3486955809801475,-0.2154978976375272,0.5755216089200111,2.7178709789071953,Long
2008-04,2008-04-30,SHY,83.296327,0.175901,-0.87,1.43,3.842607609816937,1.2697934788510197,-0.1301533722192038,0.6479312163881373,2.160641153970267,Long
2008-05,2008-05-31,SHY,82.842302,0.16151,-0.36,1.89,3.7132719947835344,0.9596168393597552,-0.047145706300351,0.6946842144954632,1.449237689086256,Long
2008-06,2008-06-30,SHY,82.828739,0.222727,0.25,1.9,3.6342313505460946,0.9127533423926816,0.0227800796607052,0.7084842391894673,1.2561652235907734,Long
2008-07,2008-07-31,SHY,82.951465,0.218693,0.41,1.68,3.52788344364985,0.972570233499921,0.0917616060349492,0.7112933652454257,1.238319757363484,Long
2008-08,2008-08-31,SHY,83.080954,0.265568,0.48,1.72,3.478562607742805,0.9255592672330554,0.1630130747810532,0.7102646263390678,1.0736085737261198,Long
2008-09,2008-09-30,SHY,83.487691,0.235213,0.78,0.92,3.377037939640707,1.2931778629687931,0.2285304222319691,0.7048129816973916,1.510538920796901,Long
2008-10,2008-10-31,SHY,84.023549,0.28,0.97,0.46,3.335017424698402,1.513167065630738,0.3042573584078907,0.7179272382131805,1.683888899704729,Long
2008-11,2008-11-30,SHY,84.666054,0.327,1.16,0.01,3.3381501398423503,1.7516579683380793,0.3916917271417468,0.7325179916202404,1.8565636021966547,Long
2008-12,2008-12-31,SHY,84.524293,0.615428,0.55,0.11,3.4146999608739703,1.7393157688810372,0.4863133392936625,0.7560249537989174,1.6573559156893125,Long
2009-01,2009-01-31,SHY,84.212671,0.0,-0.36,0.24,3.427335774684073,1.677545144570565,0.5781509297687141,0.769223231711966,1.4292264839103517,Long
2009-02,2009-02-28,SHY,83.979759,0.1375,-0.11,0.26,3.33710293214821,1.619527859025374,0.6698117483193382,0.763436261539055,1.244001835584085,Long
2009-03,2009-03-31,SHY,84.27716,0.1293,0.51,0.21,3.2853978468187583,1.6186304456940834,0.7588506102400375,0.7433008263565506,1.1567050714425309,Long
2009-04,2009-04-30,SHY,83.98842,0.141173,-0.18,0.14,3.2553440105195453,1.639654742378708,0.8454554115853471,0.71570296011826,1.1096773033635776,Long
2009-05,2009-05-31,SHY,83.930562,0.1668,0.13,0.14,3.2638909292660285,1.644153120666331,0.9292821195980578,0.6840023543552355,1.04512944512031,Long
2009-06,2009-06-30,SHY,83.662613,0.13082,-0.16,0.19,3.1644899735560497,1.5655210387137104,1.0082816274403592,0.6503170692292506,0.8568734201207203,Long
2009-07,2009-07-31,SHY,83.654845,0.112168,0.12,0.18,3.0374451115174503,1.5039184797460263,1.0854662050201285,0.5977130736641313,0.7000888773616416,Long
2009-08,2009-08-31,SHY,83.864911,0.111732,0.39,0.15,2.846403783818479,1.419159886220252,1.1629554315509991,0.5179675605113762,0.4946341705575319,Long
2009-09,2009-09-30,SHY,83.942478,0.107598,0.22,0.14,2.691746841211907,1.3430246532694248,1.2163562418785805,0.4716485589812476,0.2685652462597273,Long
2009-10,2009-10-31,SHY,84.008315,0.104049,0.21,0.05,2.4801925856982137,1.2790487293148494,1.2622955131361209,0.4237241198281736,0.039538028152663,Long
2009-11,2009-11-30,SHY,84.320438,0.190131,0.59,0.06,2.308691755135333,1.1835219763870173,1.3081695925736774,0.3553137087175941,-0.3508100394902886,Long
2009-12,2009-12-31,SHY,82.977538,0.6652199999999999,-0.81,0.06,2.4060619875224543,1.2347694671170812,1.3338364031210583,0.3199770579183081,-0.3096063719332946,Long
2010-01,2010-01-31,SHY,83.582226,0.0,0.72,0.08,2.388654975520752,1.2150815660635537,1.3652268062666109,0.2649347588287778,-0.5667253359537211,Cash
2010-02,2010-02-28,SHY,83.649377,0.084089,0.19,0.13,2.322886397587874,1.1541507355725655,1.3667035654744204,0.2639522647718678,-0.8052699607846246,Cash
2010-03,2010-03-31,SHY,83.351646,0.074696,-0.26,0.16,2.265673313757955,1.108249112504187,1.366000635536449,0.2645179008803845,-0.9744199624085836,Cash
2010-04,2010-04-30,SHY,83.49323,0.079567,0.26,0.16,2.1880456654988674,1.0673924555257197,1.3559820326832837,0.2697044277835292,-1.0700216512173557,Cash
2010-05,2010-05-31,SHY,83.781551,0.078418,0.44,0.16,2.075024846460529,1.0079078139265945,1.347548656711396,0.2756162704010012,-1.232296055275146,Cash
2010-06,2010-06-30,SHY,84.085346,0.070542,0.45,0.18,1.995841225413998,0.9557059081126308,1.3495607806516812,0.2728231785601474,-1.4436268744380896,Cash
2010-07,2010-07-31,SHY,84.216039,0.072674,0.24,0.15,1.945847868717739,0.94518308879881,1.3513504708900124,0.2699590344276096,-1.5045519145243402,Cash
2010-08,2010-08-31,SHY,84.308635,0.070521,0.19,0.14,1.8948296339989377,0.9235945442099672,1.3502093398607995,0.2716821566772078,-1.5702716765374607,Cash
2010-09,2010-09-30,SHY,84.374722,0.06967,0.16,0.16,1.8483936456703227,0.8886282345633278,1.350127476401504,0.271815938902424,-1.6978373074871236,Cash
2010-10,2010-10-31,SHY,84.483465,0.065428,0.21,0.12,1.8003002125918957,0.8843685329431029,1.3332712418846098,0.2875873338120089,-1.5609265644325876,Cash
2010-11,2010-11-30,SHY,84.261038,0.066788,-0.19,0.17,1.6586705233799754,0.7835108017789345,1.3070713030226249,0.2989056537692484,-1.751591161430064,Cash
2010-12,2010-12-31,SHY,83.959816,0.131801,-0.2,0.12,1.029294775967589,0.4785761978776784,1.2667318377493273,0.301613726705236,-2.61312921159555,Cash
2011-01,2011-01-31,SHY,84.081681,0.0,0.14,0.15,1.027802952702623,0.462001554054012,1.214201022290854,0.3246372816131805,-2.317045856529566,Cash
2011-02,2011-02-28,SHY,83.929772,0.067633,-0.1,0.15,1.0100563599767671,0.4526612420930353,1.1635533726859977,0.3434800940131959,-2.069674903971731,Cash
2011-03,2011-03-31,SHY,83.81879,0.060757,-0.05,0.09,0.9947638232429744,0.476191485917355,1.1149339303138166,0.3583919223131839,-1.7822456496056038,Cash
2011-04,2011-04-30,SHY,84.127817,0.067274,0.45,0.04,0.9764974645663276,0.4928934024033303,1.0673323069897862,0.364401205741703,-1.5763913388190955,Cash
2011-05,2011-05-31,SHY,84.3693,0.066161,0.36,0.06,0.9591747235072472,0.4732498544774985,1.0195505844908124,0.3612636243311313,-1.512194124234825,Cash
2011-06,2011-06-30,SHY,84.309723,0.066053,0.01,0.03,0.9545281034786464,0.4865937386729718,0.970762948399611,0.3521951596499269,-1.374718523127607,Cash
2011-07,2011-07-31,SHY,84.467011,0.061399,0.27,0.1,0.9394022478195658,0.4417906567471399,0.9258076442312468,0.3416794858243631,-1.4165819358933096,Cash
2011-08,2011-08-31,SHY,84.695893,0.060922,0.35,0.02,0.9255301198607118,0.4765947999266904,0.8815523182729601,0.3321987047314644,-1.2190219666076678,Cash
2011-09,2011-09-30,SHY,84.512157,0.054459,-0.16,0.02,0.9095437003223098,0.4681808949064788,0.8422787730107282,0.3214192946748138,-1.1638936563616429,Cash
2011-10,2011-10-31,SHY,84.534165,0.04879,0.08,0.01,0.8896249226570109,0.4629604856089531,0.8058269497456055,0.3116192970314388,-1.100273530563998,Cash
2011-11,2011-11-30,SHY,84.522886,0.048074,0.05,0.01,0.8676028880509357,0.4513699410794398,0.7718232729245265,0.3021171701270954,-1.060692219877068,Cash
2011-12,2011-12-31,SHY,84.472598,0.083476,0.04,0.02,0.8109114863496917,0.416269203341943,0.7413169381200441,0.2956333866176842,-1.0994960295146086,Cash
2012-01,2012-01-31,SHY,84.569243,0.0,0.12,0.06,0.8099847837114966,0.3947288335323666,0.7072127604627467,0.2831826601032426,-1.1034712606218715,Cash
2012-02,2012-02-29,SHY,84.403544,0.031255,-0.16,0.08,0.7684748403455666,0.3623551791292456,0.6730313966072806,0.268336286601216,-1.1577868256772217,Cash
2012-03,2012-03-31,SHY,84.309066,0.03524,-0.06,0.07,0.7390699832921882,0.3521420964695728,0.6400399150888089,0.2549528283370704,-1.129219944320874,Cash
2012-04,2012-04-30,SHY,84.455957,0.030284,0.21,0.1,0.6939865710123917,0.3126245110591535,0.6085354560873667,0.2409100758181854,-1.2283045614561048,Cash
2012-05,2012-05-31,SHY,84.453447,0.027651,0.02,0.07,0.648408110565339,0.3044253213501784,0.577086791734593,0.2272848609326315,-1.1996464228439436,Cash
2012-06,2012-06-30,SHY,84.362936,0.027865,-0.07,0.09,0.6038374482367469,0.2704407622298668,0.5477750212105756,0.2142997282445048,-1.2941419070036566,Cash
2012-07,2012-07-31,SHY,84.534707,0.026129,0.23,0.11,0.5608879675894541,0.2373094566260285,0.5192223067987939,0.2029351035482636,-1.3891773539599503,Cash
2012-08,2012-08-31,SHY,84.5,0.025944,0.0,0.09,0.5197242603550295,0.2261706633447524,0.4897275721249279,0.1893185509785522,-1.3921346187042902,Cash
2012-09,2012-09-30,SHY,84.470641,0.023542,-0.01,0.1,0.4833040156520179,0.2017389556063252,0.460668243755544,0.1726154108263248,-1.5000357552648511,Cash
2012-10,2012-10-31,SHY,84.404861,0.021782,-0.06,0.11,0.4516825162474943,0.1798329032881549,0.4320478571323355,0.1545745109559477,-1.6316723390188153,Cash
2012-11,2012-11-30,SHY,84.443728,0.022259,0.0699999999999999,0.08,0.4209039657746991,0.1794231398814205,0.4026922058967127,0.1298630907845565,-1.7192649941290603,Cash
2012-12,2012-12-31,SHY,84.416756,0.040939,0.02,0.05,0.3706491635381013,0.1687627176516322,0.3775218866509829,0.1098423588947562,-1.9005342847686852,Cash
2013-01,2013-01-31,SHY,84.421488,0.0,0.0,0.07,0.3706283878815308,0.1582254673060688,0.3646129916415644,0.115508699975189,-1.786770385086379,Cash
2013-02,2013-02-28,SHY,84.459936,0.020661,0.0699999999999999,0.11,0.3579164445495199,0.1304823392365894,0.3519556546937334,0.1208913016137529,-1.8320037298030765,Cash
2013-03,2013-03-31,SHY,84.435316,0.018402,0.0,0.07,0.3380789147517373,0.1410941656588091,0.3385315337413814,0.1269580728636599,-1.5551383510255388,Cash
2013-04,2013-04-30,SHY,84.505236,0.017971,0.1,0.05,0.3232284920191218,0.1438044694837483,0.3245691453972754,0.1295602252210572,-1.3952173640104766,Cash
2013-05,2013-05-31,SHY,84.353988,0.016673,-0.1699999999999999,0.04,0.3107938417801895,0.1425230746211523,0.3100237731922928,0.1294368704887414,-1.2940725307918344,Cash
2013-06,2013-06-30,SHY,84.278544,0.01706,-0.06,0.04,0.2982514743016918,0.1359218285798378,0.2962434906982784,0.1289077865762091,-1.2436926145160352,Cash
2013-07,2013-07-31,SHY,84.391148,0.017236,0.15,0.04,0.287315679127863,0.1301661469094015,0.2816321611110645,0.1262402879096097,-1.1998231048879993,Cash
2013-08,2013-08-31,SHY,84.278383,0.01844,-0.11,0.03,0.2787962839771142,0.1309454126195338,0.2686478065344921,0.1250716322244753,-1.1009882214362856,Cash
2013-09,2013-09-30,SHY,84.441196,0.017554,0.21,0.02,0.2711674050661243,0.1321933710874338,0.2542457487300272,0.1198783691698186,-1.0181351188528025,Cash
2013-10,2013-10-31,SHY,84.496733,0.018461,0.09,0.04,0.2670588459319486,0.1195046557536571,0.2402462685709003,0.1132434513945037,-1.06621275959365,Cash
2013-11,2013-11-30,SHY,84.545614,0.019065,0.08,0.06,0.2631266005117663,0.1069087371114559,0.2259356089935963,0.1052978505623024,-1.130382730953419,Cash
2013-12,2013-12-31,SHY,84.390526,0.039826,-0.1399999999999999,0.07,0.2622912908494018,0.1012059425523167,0.2115830588282636,0.0963279092017241,-1.1458477318842433,Cash
2014-01,2014-01-31,SHY,84.508787,0.0,0.1399999999999999,0.02,0.2619242422684401,0.1273285485623368,0.1984554229620292,0.0883592406466683,-0.8049738078229436,Cash
2014-02,2014-02-28,SHY,84.553069,0.022871,0.07,0.05,0.2644008108091263,0.1128425320048033,0.1873137444216113,0.078885075164221,-0.944046922206459,Cash
2014-03,2014-03-31,SHY,84.424818,0.018352,-0.13,0.05,0.2647432417325436,0.1130227588066019,0.1769173841247595,0.0708452389123143,-0.9018901806124268,Cash
2014-04,2014-04-30,SHY,84.509147,0.021201,0.13,0.03,0.2683011343138985,0.1254216496388939,0.1669540783888024,0.0613027077280535,-0.6774974595600505,Cash
2014-05,2014-05-31,SHY,84.629409,0.021025,0.17,0.04,0.273062287366322,0.1226643617717484,0.1591539591629583,0.0533566215544453,-0.6838813314665313,Cash
2014-06,2014-06-30,SHY,84.554906,0.022598,-0.07,0.04,0.2798524783411148,0.1262381464953235,0.1515805858471904,0.0439023357356846,-0.5772458099824529,Cash
2014-07,2014-07-31,SHY,84.448157,0.024824,-0.09,0.03,0.2891916279475466,0.1364166462881824,0.1455721435249177,0.0361028792741584,-0.2535946556287167,Cash
2014-08,2014-08-31,SHY,84.579568,0.026864,0.19,0.03,0.2987021640971257,0.1414221916300661,0.1413682764275075,0.0303763066008038,0.0017749097435432,Cash
2014-09,2014-09-30,SHY,84.49131,0.028099,-0.07,0.02,0.3114947560879337,0.1534182926778598,0.1378370901060622,0.0244343445905854,0.6376763049253644,Long
2014-10,2014-10-31,SHY,84.693479,0.030295,0.27,0.01,0.324723937718983,0.1656441777468331,0.1358237291507095,0.0206354423064833,1.4451082827894794,Long
2014-11,2014-11-30,SHY,84.777509,0.028502,0.14,0.02,0.3355335670454766,0.1660702984449877,0.1352325322531544,0.0194913107027214,1.582128911809283,Long
2014-12,2014-12-31,SHY,84.49227,0.062095,-0.27,0.04,0.3630225581582788,0.1700118727148835,0.1346761638599697,0.0183311167609031,1.9276353599077036,Long
2015-01,2015-01-31,SHY,84.938754,0.0,0.53,0.02,0.3611143153807036,0.1795338502003703,0.1347282119876051,0.018433594702216,2.4306511527769787,Long
2015-02,2015-02-28,SHY,84.696592,0.033004,-0.24,0.02,0.3741106844062864,0.1863740444243612,0.1356160612748677,0.0200562752723807,2.530778145999609,Long
2015-03,2015-03-31,SHY,84.85942,0.031035,0.23,0.03,0.3883387371726085,0.1885993353540044,0.1379448823243582,0.0225269906337875,2.248611625632365,Long
2015-04,2015-04-30,SHY,84.854451,0.036685,0.03,0.01,0.4066091948435327,0.2087416814965961,0.1399242643949914,0.0247892217167357,2.776102367713488,Long
2015-05,2015-05-31,SHY,84.866675,0.03526,0.0699999999999999,0.01,0.4233239961386493,0.2175389453361312,0.1426299815621934,0.0284976780000436,2.6285988554514184,Long
2015-06,2015-06-30,SHY,84.844777,0.036809,0.01,0.01,0.4401826643966547,0.2264119286298182,0.1457556428419841,0.0323402920076309,2.4939875548681703,Long
2015-07,2015-07-31,SHY,84.844736,0.037658,0.04,0.08,0.4553093311528484,0.1975312269225518,0.1495260636774,0.036189789563952,1.3264836248997929,Long
2015-08,2015-08-31,SHY,84.76056,0.038045,-0.05,0.08,0.4689527770934972,0.2047119879439459,0.1523329420112812,0.0372206836590558,1.4072564172238362,Long
2015-09,2015-09-30,SHY,84.971393,0.03979,0.29,0.0,0.4815479487314041,0.2534462888060022,0.1554065493164651,0.0384046715181721,2.552807656306786,Long
2015-10,2015-10-31,SHY,84.825351,0.039844,-0.12,0.08,0.4936342674255483,0.2177022460134464,0.1604587542214054,0.0429273787984743,1.3334960902405562,Long
2015-11,2015-11-30,SHY,84.569022,0.041148,-0.26,0.22,0.5100839406656494,0.1526757582450786,0.16455032048223,0.0435297368552035,-0.2727919600490743,Long
2015-12,2015-12-31,SHY,84.400306,0.084269,-0.1,0.16,0.5373760137789074,0.1986189546204775,0.1664572796961309,0.0418654423423142,0.7682153376375556,Long
2016-01,2016-01-31,SHY,84.888898,0.0,0.58,0.33,0.5342830578387294,0.1075173988624891,0.170516155198971,0.0399421865267939,-1.5772485638516855,Cash
2016-02,2016-02-29,SHY,84.931268,0.045147,0.1,0.33,0.5483139613551984,0.1149020849237886,0.169690690628144,0.0410625295262713,-1.3342725432757925,Cash
2016-03,2016-03-31,SHY,85.03608,0.046779,0.18,0.21,0.5661526260382651,0.1874487505464553,0.1697765053331017,0.0409405305988441,0.4316564772087365,Cash
2016-04,2016-04-30,SHY,85.003574,0.050611,0.01,0.22,0.5827519675819748,0.1909220882010393,0.1728775883222622,0.0392380922843191,0.4598719975483665,Cash
2016-05,2016-05-31,SHY,84.859535,0.049039,-0.11,0.34,0.5999785410089745,0.136830811057355,0.1756067732623516,0.0380538613876011,-1.018975756758045,Cash
2016-06,2016-06-30,SHY,85.295703,0.050553,0.58,0.26,0.6130238471684792,0.1858020248255154,0.1761970419825853,0.0372993360054248,0.2575108265072898,Cash
2016-07,2016-07-31,SHY,85.19279,0.050375,-0.07,0.28,0.6286917003187711,0.1835219475361953,0.1786788702463433,0.0357813820112561,0.1353518790394532,Cash
2016-08,2016-08-31,SHY,84.99413,0.051087,-0.17,0.33,0.6455057543385644,0.1660556601781918,0.1806415911316771,0.0346359784879396,-0.4211207995340515,Cash
2016-09,2016-09-30,SHY,85.035383,0.050066,0.12,0.29,0.6572769831588811,0.1933036753467795,0.1816679856545157,0.0337775829708479,0.3444796420841027,Cash
2016-10,2016-10-31,SHY,84.913679,0.048694,-0.1,0.34,0.6686413858007495,0.1729691504214471,0.183329876599054,0.033305135082701,-0.3110849468672,Cash
2016-11,2016-11-30,SHY,84.514074,0.050604,-0.41,0.48,0.6829915689545388,0.1068376678708099,0.1836350837938296,0.0331693032491896,-2.315315921654033,Cash
2016-12,2016-12-31,SHY,84.426305,0.1100889999999999,0.04,0.51,0.7142844875184339,0.1075181513254915,0.1811670575199055,0.0365631052543978,-2.014295713725121,Cash
2017-01,2017-01-31,SHY,84.503804,0.0,0.08,0.52,0.7136294124699994,0.1019102170894733,0.1785631524620142,0.0394994721113891,-1.9406065771304104,Cash
2017-02,2017-02-28,SHY,84.541116,0.050988,0.11,0.53,0.720223518222778,0.1001176411698831,0.1753288344157268,0.0424819458136104,-1.7704272204440186,Cash
2017-03,2017-03-31,SHY,84.525974,0.053507,0.05,0.76,0.7283122227021008,-0.01667777752521,0.1717348176134569,0.0450763514231186,-4.17985460646742,Cash
2017-04,2017-04-30,SHY,84.570801,0.058486,0.12,0.8,0.7372379031859942,-0.0330326825336872,0.163181604576823,0.0590476214208339,-3.322983761057638,Cash
2017-05,2017-05-31,SHY,84.606663,0.061868,0.12,0.98,0.752088520498675,-0.1199534102638552,0.1531076727422278,0.0704584379771982,-3.8754915783749144,Cash
2017-06,2017-06-30,SHY,84.46231,0.063585,-0.1,1.03,0.768803268582164,-0.1374719639041242,0.1390454912588951,0.0884273446545353,-3.1270582221292234,Cash
2017-07,2017-07-31,SHY,84.563599,0.066944,0.2,1.07,0.7874759445846197,-0.1486968712712528,0.1238836624033141,0.1028206447782272,-2.651029219496658,Cash
2017-08,2017-08-31,SHY,84.648275,0.070877,0.19,1.01,0.8100673049746139,-0.1052277342238874,0.1094574916452389,0.1155402043226115,-1.8580997595406867,Cash
2017-09,2017-09-30,SHY,84.420275,0.072044,-0.19,1.06,0.8382891432182611,-0.1166899246219678,0.0965433365549125,0.1215932474962214,-1.7536603846649188,Cash
2017-10,2017-10-31,SHY,84.285498,0.072561,-0.07,1.15,0.8679464645270292,-0.1484492291963004,0.0811209943287471,0.1242708525300976,-1.8473376407347584,Cash
2017-11,2017-11-30,SHY,84.018577,0.078435,-0.23,1.27,0.9038286854108468,-0.1927217445206069,0.0658646828616743,0.129153861462324,-2.002157925860502,Cash
2017-12,2017-12-31,SHY,83.84139,0.172613,-0.01,1.39,0.9803129456703904,-0.2156247654366365,0.0514731202464374,0.1380007130153889,-1.9354819250338864,Cash
2018-01,2018-01-31,SHY,83.576249,0.0,-0.31,1.46,0.9834229339486152,-0.2508300347638867,0.0342129652440577,0.1445466675625634,-1.9719790488049176,Cash
2018-02,2018-02-28,SHY,83.442634,0.086192,-0.06,1.65,1.0271871331386784,-0.327796245716485,0.019281822176292,0.1547903820241425,-2.242245696109488,Cash
2018-03,2018-03-31,SHY,83.516104,0.086349,0.2,1.73,1.065607658135011,-0.3496801799289416,0.000836058399614,0.1686565169312939,-2.078284579251369,Cash
2018-04,2018-04-30,SHY,83.272999,0.094432,-0.19,1.87,1.1118850180957214,-0.3990078852127783,-0.0215443137035275,0.1781855002284701,-2.118374228123307,Cash
2018-05,2018-05-31,SHY,83.477772,0.103104,0.38,1.93,1.1585551181217435,-0.4060236220411876,-0.0461247292624366,0.1880203179688524,-1.9141489423412847,Cash
2018-06,2018-06-30,SHY,83.348647,0.12637,0.0,1.93,1.2356781268446984,-0.3654325648185798,-0.0687436639748758,0.1974691405278462,-1.5024570424048926,Cash
2018-07,2018-07-31,SHY,83.195182,0.129876,-0.02,2.03,1.3136013092681258,-0.37705194249046,-0.0917117718767131,0.1986293680135195,-1.4365457307115097,Cash
2018-08,2018-08-31,SHY,83.319097,0.138093,0.31,2.11,1.3923206584920145,-0.3777259692147292,-0.1150690172944904,0.1978147294161035,-1.3277926911485922,Cash
2018-09,2018-09-30,SHY,83.064967,0.13121,-0.16,2.19,1.4678089259940357,-0.380100565266297,-0.1377265851858622,0.1953416367294339,-1.2407696799231027,Cash
2018-10,2018-10-31,SHY,83.048484,0.136928,0.15,2.34,1.545605576617148,-0.4181023280962379,-0.1616184285447403,0.1880225003252403,-1.3641128009032588,Cash
2018-11,2018-11-30,SHY,83.193314,0.145529,0.34,2.37,1.6235631627801246,-0.3928614932736187,-0.1862464068163105,0.1808656529579196,-1.1423677358209043,Cash
2018-12,2018-12-31,SHY,83.599815,0.2610599999999999,0.81,2.45,1.7214667281261329,-0.3834385641441407,-0.2070672051973284,0.174302613576252,-1.0118686996604054,Cash
2019-01,2019-01-31,SHY,83.808574,0.0,0.25,2.41,1.71717872207204,-0.3646427778568211,-0.227523735008563,0.1642998140093826,-0.8345660259872697,Cash
2019-02,2019-02-28,SHY,83.727156,0.152213,0.09,2.45,1.7977010947320362,-0.3433152132989284,-0.2469634431313253,0.1506618894415202,-0.6395231768615394,Cash
2019-03,2019-03-31,SHY,84.075569,0.15434,0.6,2.4,1.8711202537326868,-0.2783577611933227,-0.2654398120675258,0.1323208335677003,-0.0976259654469867,Cash
2019-04,2019-04-30,SHY,84.079861,0.163781,0.19,2.43,1.9535046567215424,-0.2507870227781357,-0.2763431447203638,0.1212495824427838,0.2107728655831684,Cash
2019-05,2019-05-31,SHY,84.517416,0.156364,0.71,2.35,2.006407768074689,-0.1808380168027953,-0.2854162422305492,0.1098637568468457,0.9518901267279616,Long
2019-06,2019-06-30,SHY,84.765058,0.168676,0.5,2.12,2.0504557432143797,-0.0366022404134844,-0.2879531008363384,0.1065292850956317,2.3594531794446505,Long
2019-07,2019-07-31,SHY,84.507387,0.155947,-0.12,2.08,2.0875583338057773,0.0039780704240932,-0.2837501956908951,0.1144217929211544,2.5146281907438346,Long
2019-08,2019-08-31,SHY,85.04838,0.150023,0.82,1.99,2.0883066790925353,0.0517403574171238,-0.2773887397869223,0.1259228358899778,2.6137363797271447,Long
2019-09,2019-09-30,SHY,84.793014,0.146225,-0.13,1.88,2.1123037329466783,0.1222651226035149,-0.2708484026352135,0.1386833773174005,2.834611709368897,Long
2019-10,2019-10-31,SHY,84.919437,0.135,0.31,1.54,2.106888673790901,0.2983624598899478,-0.2608919423341517,0.1575291665549605,3.550164166132248,Long
2019-11,2019-11-30,SHY,84.737662,0.139555,-0.05,1.59,2.1043582722402703,0.270714880126458,-0.2422747886222247,0.1936557728267327,2.648976899891664,Long
2019-12,2019-12-31,SHY,84.639542,0.270667,0.2,1.55,2.1181482763694537,0.2990254086155019,-0.2229649292619303,0.220109937160713,2.371498282225675,Long
2020-01,2020-01-31,SHY,85.097735,0.0,0.54,1.55,2.106743499107232,0.2930228942669641,-0.2015211720097579,0.2445667725554889,2.0221228792006753,Long
2020-02,2020-02-29,SHY,85.696743,0.134865,0.87,1.27,2.0717741863305124,0.4219864138581644,-0.1788606333001391,0.2642063844694435,2.2741579404482324,Long
2020-03,2020-03-31,SHY,86.739256,0.124966,1.36,0.11,2.0130089656291266,1.001583666120593,-0.1476196891511954,0.2889957688807883,3.97654041691468,Long
2020-04,2020-04-30,SHY,86.667591,0.106006,0.04,0.09,1.948010762177525,0.9779004011460656,-0.0913170288991314,0.3685864250320887,2.900859492999809,Long
2020-05,2020-05-31,SHY,86.644919,0.072362,0.05,0.14,1.8515707770469496,0.9008267247615525,-0.0339458503008463,0.4219130505394083,2.2155573852653023,Long
2020-06,2020-06-30,SHY,86.592141,0.07006,0.02,0.16,1.7388136874915705,0.8309545723639845,0.0205062474826011,0.4548502604512393,1.781791493484843,Long
2020-07,2020-07-31,SHY,86.608815,0.060636,0.09,0.09,1.6284312399378744,0.8097006525988812,0.0703557115318746,0.4757913284764327,1.5539268936122037,Long
2020-08,2020-08-31,SHY,86.531828,0.050443,-0.03,0.11,1.514801004781732,0.739368949885122,0.1198037363272639,0.4887630657025117,1.267618723741617,Long
2020-09,2020-09-30,SHY,86.497587,0.049132,0.02,0.1,1.403151280971572,0.6858690952481958,0.1663493579564244,0.4924995722624106,1.0548633268963818,Long
2020-10,2020-10-31,SHY,86.408733,0.040048,-0.06,0.09,1.294707098644763,0.6340563677077701,0.2107647604778616,0.4891310763645421,0.8653950396609752,Long
2020-11,2020-11-30,SHY,86.402223,0.038605,0.03,0.08,1.177967377066213,0.5778775668769541,0.2546047061363619,0.4773253022797639,0.677259008053002,Long
2020-12,2020-12-31,SHY,86.370054,0.064842,0.04,0.09,0.9401001416532634,0.4474211271859281,0.2950521669759691,0.4609223338099591,0.3305740447647338,Long
2021-01,2021-01-31,SHY,86.380634,0.0,0.01,0.06,0.9399849971001604,0.4631499984737686,0.3296713207813886,0.4383982266449736,0.30446901830302,Long
2021-02,2021-02-28,SHY,86.292184,0.030107,-0.07,0.04,0.8195493116734651,0.4102891114070869,0.3641626864618298,0.4132391614276166,0.1116216207241931,Long
2021-03,2021-03-31,SHY,86.243984,0.022035,-0.03,0.03,0.7006587265263626,0.3529782771191382,0.3955628666579138,0.3847964600983006,-0.1106678308004624,Long
2021-04,2021-04-30,SHY,86.26224,0.019313,0.05,0.01,0.6000110824852218,0.3105321486764325,0.421868534920933,0.357321434847421,-0.3115860829676845,Long
2021-05,2021-05-31,SHY,86.290924,0.012243,0.05,0.01,0.5301415013240557,0.2737586849073977,0.44525683373154,0.3285945016953193,-0.5219142375764996,Cash
2021-06,2021-06-30,SHY,86.13954,0.012074,-0.16,0.05,0.4637568299064518,0.217766752582343,0.4641983629694648,0.3030436951553698,-0.8131883762200592,Cash
2021-07,2021-07-31,SHY,86.274984,0.013189,0.17,0.06,0.4080336891166505,0.1831756258508687,0.4747970710109575,0.2888844645352915,-1.0094743088009253,Cash
2021-08,2021-08-31,SHY,86.24218,0.012446,-0.02,0.04,0.3641304057944731,0.1705949504181437,0.4822636358204065,0.2783087060105179,-1.1198668193674262,Cash
2021-09,2021-09-30,SHY,86.127698,0.012808,-0.11,0.04,0.3224398265004134,0.1486525402633755,0.4872159105287823,0.2712836154259401,-1.2480052277902274,Cash
2021-10,2021-10-31,SHY,85.824459,0.010678,-0.35,0.05,0.2893580721551649,0.1259779327132447,0.4883153862646099,0.2697895690219262,-1.3430372970495292,Cash
2021-11,2021-11-30,SHY,85.782072,0.010985,-0.03,0.05,0.2573031810189896,0.1091069373784155,0.4811326976322472,0.2772579710183505,-1.3418036599178926,Cash
2021-12,2021-12-31,SHY,85.517724,0.067976,-0.22,0.06,0.261763280790775,0.1061912004161973,0.4743990333510788,0.2844594333484198,-1.294412453124318,Cash
2022-01,2022-01-31,SHY,84.921723,0.0,-0.7,0.22,0.2636003982161313,0.0229475780084901,0.4663642746761078,0.2922451781679316,-1.5172763480560112,Cash
2022-02,2022-02-28,SHY,84.549701,0.023298,-0.41,0.35,0.2567069988810486,-0.0491015795362902,0.4551111364986713,0.3041666129238928,-1.6576859346529371,Cash
2022-03,2022-03-31,SHY,83.345071,0.025406,-1.4,0.52,0.2644619500054178,-0.1344937105234643,0.4354824701072358,0.3211247177670761,-1.7749371166255892,Cash
2022-04,2022-04-30,SHY,82.907169,0.036305,-0.48,0.85,0.2863540063706674,-0.2966557861207013,0.3881459127470667,0.3177645580940424,-2.1550600324190374,Cash
2022-05,2022-05-31,SHY,83.348125,0.043611,0.59,1.16,0.3224739608719453,-0.4408031784884498,0.3350394049442848,0.3214008071225357,-2.4139409928019893,Cash
2022-06,2022-06-30,SHY,82.74515,0.064745,-0.65,1.72,0.3884783579460549,-0.7008008642389185,0.2791381589755347,0.3350978217085902,-2.924337192697819,Cash
2022-07,2022-07-31,SHY,83.013228,0.078997,0.42,2.41,0.4664979417497172,-1.022895820131728,0.215315015783747,0.3695296858809252,-3.350775007327741,Cash
2022-08,2022-08-31,SHY,82.257319,0.088246,-0.81,2.96,0.5629347097976778,-1.2616133106328011,0.1389568294199716,0.4263412792546285,-3.2850915644419567,Cash
2022-09,2022-09-30,SHY,81.193862,0.100482,-1.17,3.33,0.6782889573598557,-1.395637390863234,0.0555825685650582,0.4940916115093742,-2.937147536253525,Cash
2022-10,2022-10-31,SHY,80.989374,0.108023,-0.12,4.22,0.8001963319286799,-1.799896667405958,-0.0311468683562513,0.557290040495138,-3.1738406763526896,Cash
2022-11,2022-11-30,SHY,81.372189,0.14069,0.65,4.37,0.9558290240907736,-1.7969320925838037,-0.1325615781526567,0.6454624974139581,-2.57857043763106,Cash
2022-12,2022-12-31,SHY,81.136044,0.346125,0.13,4.42,1.3014289925202662,-1.6413531618314388,-0.2315119806301883,0.7105637467032809,-1.9841163973567817,Cash
2023-01,2023-01-31,SHY,81.752599,0.0,0.76,4.7,1.2916139828166195,-1.793887377464937,-0.3185442426725786,0.7505832664471251,-1.965595558472644,Cash
2023-02,2023-02-28,SHY,80.970039,0.152447,-0.77,4.88,1.4635993938449257,-1.7981055821868812,-0.4125874666700246,0.7888065537981112,-1.7564738893782936,Cash
2023-03,2023-03-31,SHY,82.11093,0.162288,1.61,4.85,1.6099671505364752,-1.7052804470860656,-0.50460391223644,0.816947895731073,-1.469710052652942,Cash
2023-04,2023-04-30,SHY,82.140817,0.180173,0.26,5.1,1.7845293649806284,-1.7449845447470376,-0.5903646924116569,0.8309226913146186,-1.389563511027283,Cash
2023-05,2023-05-31,SHY,81.654045,0.191171,-0.36,5.52,1.9758812928373604,-1.8653256353487575,-0.6760112213043014,0.8399128306454873,-1.4159974352700957,Cash
2023-06,2023-06-30,SHY,81.021606,0.197052,-0.53,5.43,2.1546030573622543,-1.7238931277040763,-0.7651397346483079,0.8481997418121275,-1.130339171062997,Cash
2023-07,2023-07-31,SHY,81.091346,0.206016,0.34,5.55,2.309386996733289,-1.7055857911930057,-0.846042229660242,0.8429555206046265,-1.0196784296711634,Cash
2023-08,2023-08-31,SHY,81.189013,0.211834,0.38,5.56,2.458831467750445,-1.6321939643418708,-0.92474062203707,0.8307692997529091,-0.8515641376194504,Cash
2023-09,2023-09-30,SHY,80.94896,0.205809,-0.04,5.55,2.596238419863578,-1.5546113579665377,-0.9998568268187374,0.8086326900453042,-0.6860401984450069,Cash
2023-10,2023-10-31,SHY,81.002402,0.209062,0.33,5.59,2.7192613374600914,-1.5109150855473203,-1.0708261559116503,0.7775993256241462,-0.5659584764717088,Cash
2023-11,2023-11-30,SHY,81.600383,0.230349,1.02,5.45,2.8092098538312005,-1.3898895506151578,-1.1390300316725073,0.7388855341497725,-0.3395106648437932,Cash
2023-12,2023-12-31,SHY,81.995576,0.50673,1.11,5.4,2.99154066555981,-1.267610176021153,-1.2014882186722395,0.6905685166087163,-0.095750031689294,Cash
2024-01,2024-01-31,SHY,82.311492,0.0,0.39,5.42,2.9800589691655692,-1.2841794899128582,-1.2587299426904623,0.6319073969687211,-0.0402741720455847,Cash
2024-02,2024-02-29,SHY,81.704934,0.242118,-0.44,5.45,3.1119320162476356,-1.230562096711771,-1.3131935705205189,0.5699282781780912,0.1449857411407949,Cash
2024-03,2024-03-31,SHY,81.699212,0.240458,0.29,5.46,3.207830205265627,-1.185352523544407,-1.362421092069497,0.5031016233183053,0.3519538803258071,Cash
2024-04,2024-04-30,SHY,81.15351,0.270467,-0.34,5.46,3.3406638850248123,-1.1154400605132568,-1.4062068759453696,0.4323391153192063,0.672543392742599,Long
2024-05,2024-05-31,SHY,81.445453,0.261616,0.683683,5.46,3.4151826744704827,-1.0762196450155357,-1.4403228873783924,0.3685813939348452,0.9878503048561912,Long
2024-06,2024-06-30,SHY,81.6368,0.262128,0.558578,5.48,3.486891940889403,-1.0490042416371568,-1.466798573483688,0.3121670432629839,1.3383678413949742,Long
2024-07,2024-07-31,SHY,82.316404,0.270391,1.167684,5.41,3.5363085102697145,-0.9861534156475188,-1.481307047541948,0.2816147353000434,1.7582660629134808,Long
2024-08,2024-08-31,SHY,82.772528,0.27246,0.887296,5.21,3.5900655347870973,-0.8525970869541594,-1.4797761140217724,0.2843021796977472,2.2060296116420623,Long
2024-09,2024-09-30,SHY,83.147072,0.288255,0.803353,4.73,3.673050567553359,-0.5562891749719167,-1.462733771368496,0.3091239869679938,2.932301065625267,Long
2024-10,2024-10-31,SHY,82.359744,0.273029,-0.620615,4.64,3.7858313401265544,-0.4495624525649712,-1.4277609290396909,0.360290413874277,2.7150277631756836,Long
2024-11,2024-11-30,SHY,82.302154,0.283144,0.275298,4.58,3.8526282070333178,-0.3828272594561486,-1.3714970034213163,0.4026015044231673,2.4557030540203706,Long
2024-12,2024-12-31,SHY,81.936179,0.545706,0.220237,4.37,3.9174050330074586,-0.2382078773644955,-1.312575968707664,0.4394253000249966,2.444939085851573,Long
2025-01,2025-01-31,SHY,82.283772,0.0,0.424052,4.31,3.900856659804074,-0.2153386001031186,-1.2541115818548747,0.4847820663745905,2.142762807873956,Long
2025-02,2025-02-28,SHY,82.579072,0.273496,0.694443,4.32,3.9249048475623463,-0.2079448170724495,-1.1883387161314658,0.5145356587348524,1.9053954423093296,Long
2025-03,2025-03-31,SHY,82.705806,0.25314,0.461088,4.32,3.9342244001587994,-0.2030397893901057,-1.122082017585031,0.5345936074717365,1.719141821656583,Long
2025-04,2025-04-30,SHY,83.080544,0.279789,0.793316,4.31,3.927699366051334,-0.2012108599729818,-1.0594886568476996,0.5510332348563333,1.5575790035577255,Long
2025-05,2025-05-31,SHY,82.619382,0.259195,-0.243706,4.36,3.9466925569595768,-0.2175302331791703,-0.9951647533154472,0.5575996698107212,1.3946107973848825,Long
2025-06,2025-06-30,SHY,82.845733,0.271801,0.605373,4.41,3.9475853270560113,-0.2433761436547309,-0.926506611558381,0.5471467860740752,1.2485323596713311,Long
2025-07,2025-07-31,SHY,82.523761,0.264081,-0.070327,4.41,3.955340813902072,-0.2392943084725937,-0.8648184038896582,0.5366973265556484,1.1655062629647848,Long
2025-08,2025-08-31,SHY,82.951064,0.269837,0.846097,4.23,3.9318036957307743,-0.1569454232995927,-0.8037229254429744,0.520025889085922,1.2437409669742752,Long
2025-09,2025-09-30,SHY,82.944007,0.258369,0.304188,4.02,3.896106683150719,-0.0652070088680423,-0.7422542362328794,0.5048070902855311,1.3411999165500683,Long
2025-10,2025-10-31,SHY,82.957958,0.256251,0.326036,3.89,3.875226774506672,-0.0077753818385936,-0.680195721687109,0.4919850296700214,1.3667495945954156,Long
2025-11,2025-11-30,SHY,83.057651,0.262737,0.438295,3.88,3.8460057099375464,-0.0178917316118176,-0.6175649006992452,0.4770855713461373,1.2569509645730828,Long
2025-12,2025-12-31,SHY,82.816495,0.503665,0.317277,3.67,3.806440975315364,0.0718110396396652,-0.5603983249074395,0.4624948837527963,1.3669542880500725,Long
2026-01,2026-01-31,SHY,82.969451,0.0,0.184782,3.67,3.7994237180139954,0.0681177463231555,-0.5045891075882386,0.4541845502609184,1.2609562645457388,Long
2026-02,2026-02-28,SHY,83.159368,0.249955,0.53136,3.67,3.762438406217805,0.0486517927462132,-0.4482433894117381,0.4368144939236899,1.137542799220296,Long
2026-03,2026-03-31,SHY,82.548867,0.222982,-0.466704,3.7,3.7537305024428744,0.028279211812039,-0.394942810684322,0.4146899402213209,1.020574606344409,Long
2026-04,2026-04-30,SHY,82.457741,0.246905,0.188629,3.68,3.7179990172178017,0.0199994827462113,-0.3443748217111368,0.3872004659935254,0.9410482074766948,Long
2026-05,2026-05-31,SHY,82.28559,0.242788,0.085609,3.69,3.7058384098600983,0.0083360051895254,-0.2970648407419923,0.3570876173072238,0.8552546521621976,Long
2026-06,2026-06-30,SHY,82.092176,0.242901,0.060511,3.87,3.679365254004231,-0.1003340768398783,-0.2518750219834481,0.3209999744272153,0.4720902093963584,Long
2026-07,2026-07-31,SHY,81.963075,0.238313,0.133469,3.83,3.653722118161136,-0.0927778325467705,-0.2123470984502281,0.2734635597605677,0.4372402158742725,Long
2026-08,2026-08-31,SHY,81.8997,0.250772,0.228853,3.91,3.633270939942393,-0.1456468737145302,-0.1751231158210303,0.2189161961470902,0.134646237351461,Long
2002-08,2002-08-31,TLT,86.848678,0.0,5.21,1.69,,,,,,Cash
2002-09,2002-09-30,TLT,90.310263,0.372608,4.43,1.57,,,,,,Cash
2002-10,2002-10-31,TLT,86.60361,0.342703,-3.74,1.44,,,,,,Cash
2002-11,2002-11-30,TLT,85.49882,0.388845,-0.83,1.22,,,,,,Cash
2002-12,2002-12-31,TLT,88.354114,0.389457,4.33,1.22,,,,,,Cash
2003-01,2003-01-31,TLT,88.069449,0.446294,-0.31,1.18,,,,,,Cash
2003-02,2003-02-28,TLT,90.522262,0.307552,3.15,1.2,,,,,,Cash
2003-03,2003-03-31,TLT,88.669886,0.340316,-1.67,1.14,,,,,,Cash
2003-04,2003-04-30,TLT,89.406909,0.377929,1.27,1.13,,,,,,Cash
2003-05,2003-05-31,TLT,94.612019,0.472992,6.38,1.11,,,,,,Cash
2003-06,2003-06-30,TLT,92.287364,0.398398,-2.03,0.9,,,,,,Cash
2003-07,2003-07-31,TLT,82.462189,0.352885,-10.31,0.96,5.081091165309716,0.2424171273711597,,,,Cash
2003-08,2003-08-31,TLT,83.843584,0.377986,2.14,0.98,5.448198636165171,0.2628352138920689,,,,Cash
2003-09,2003-09-30,TLT,88.109281,0.371994,5.57,0.95,5.183734276528713,0.2490431927369831,,,,Cash
2003-10,2003-10-31,TLT,85.023759,0.366883,-3.11,0.96,5.400291699641273,0.2611936293906631,,,,Cash
2003-11,2003-11-30,TLT,85.137836,0.347956,0.56,0.93,5.345028971607876,0.2597075865651692,,,,Cash
2003-12,2003-12-31,TLT,85.341633,0.417814,1.2,0.95,5.365492596093164,0.2597348585937155,,,,Cash
2004-01,2004-01-31,TLT,87.037524,0.399746,1.99,0.92,5.207467758388899,0.2522039857875823,,,,Cash
2004-02,2004-02-29,TLT,88.556943,0.358102,2.17,0.96,5.175202355392957,0.2479530797289975,,,,Cash
2004-03,2004-03-31,TLT,89.553523,0.35558,1.53,0.95,5.134655618182659,0.246156212834274,,,,Cash
2004-04,2004-04-30,TLT,83.635101,0.34798,-6.23,0.98,5.46219941792143,0.2636587892894959,,,,Cash
2004-05,2004-05-31,TLT,82.912543,0.325098,-0.48,1.08,5.331427357137025,0.2500839621845309,,,,Cash
2004-06,2004-06-30,TLT,83.421147,0.321509,1.01,1.33,5.206752911225256,0.2280442888956033,,,,Cash
2004-07,2004-07-31,TLT,84.586631,0.335988,1.81,1.45,5.115035258940623,0.2155903093494484,,,,Cash
2004-08,2004-08-31,TLT,87.744449,0.329892,4.13,1.59,4.876139800023132,0.1933023411778313,,,,Cash
2004-09,2004-09-30,TLT,88.333779,0.350117,1.08,1.71,4.818841725315521,0.1828730426656189,,,,Cash
2004-10,2004-10-31,TLT,89.430251,0.360744,1.66,1.91,4.7528950802117285,0.1672291223653957,,,,Cash
2004-11,2004-11-30,TLT,86.872591,0.366197,-2.46,2.23,4.9138248909831646,0.1578720524107744,,,,Cash
2004-12,2004-12-31,TLT,88.566046,0.354582,2.76,2.22,4.748473246733856,0.1487337203961092,,,,Cash
2005-01,2005-01-31,TLT,91.681161,0.335089,3.52,2.51,4.516607288600981,0.1180357228588812,,,,Cash
2005-02,2005-02-28,TLT,90.123394,0.344605,-1.33,2.76,4.579699916760791,0.1070411715741641,,,,Cash
2005-03,2005-03-31,TLT,89.224992,0.2823,-0.69,2.79,4.543683231711581,0.1031578371595047,,,,Cash
2005-04,2005-04-30,TLT,92.347565,0.33,3.89,2.9,4.370576527924695,0.0865045016426291,,,,Cash
2005-05,2005-05-31,TLT,94.834396,0.33,3.05,2.99,4.261136434084528,0.0747727314167369,,,,Cash
2005-06,2005-06-30,TLT,96.394145,0.349237,2.02,3.13,4.220952424029489,0.0641736720017346,,,,Cash
2005-07,2005-07-31,TLT,93.145096,0.331562,-3.02,3.42,4.36343422739078,0.055496131022987,0.1934299230120446,0.0692522390798811,-1.991759310914894,Cash
2005-08,2005-08-31,TLT,95.91618,0.345073,3.35,3.52,4.253198991035715,0.0431293524138655,0.1856415481642041,0.0738609869956478,-1.9294650876887949,Cash
2005-09,2005-09-30,TLT,92.146312,0.334216,-3.59,3.55,4.409948604345662,0.050585212020333,0.1764871372692789,0.0774076814457127,-1.6264784437090145,Cash
2005-10,2005-10-31,TLT,89.781173,0.361832,-2.19,3.98,4.527333364200978,0.0321960802471163,0.1682180547394185,0.0798805299648017,-1.7028176271769653,Cash
2005-11,2005-11-30,TLT,90.000713,0.39652,0.69,3.95,4.549981731811392,0.0352930430477289,0.1586764901917708,0.0819419740925337,-1.505741697224795,Cash
2005-12,2005-12-31,TLT,91.780042,0.7726850000000001,2.85,4.08,4.9173206959308216,0.0492541585841659,0.1493258842118774,0.0827124364604943,-1.209875200273038,Cash
2006-01,2006-01-31,TLT,90.628088,0.0,-1.25,4.47,4.6100829138092365,0.0082401714005433,0.1405558550448128,0.0816485765226939,-1.6205510160669223,Cash
2006-02,2006-02-28,TLT,91.412563,0.320538,1.22,4.62,4.5441926838874425,-0.0044592538889739,0.1303906961120196,0.0823279431671293,-1.637960877113644,Cash
2006-03,2006-03-31,TLT,86.844357,0.319738,-4.66,4.63,4.826336615054908,0.0115492126502887,0.1198735155446041,0.082777964954043,-1.3086127806410226,Cash
2006-04,2006-04-30,TLT,84.066687,0.328359,-2.82,4.77,4.983852878608146,0.0125795810945968,0.1100982238702713,0.0810512149391547,-1.20317311528127,Cash
2006-05,2006-05-31,TLT,83.8419,0.329741,0.12,4.86,4.996906081565423,0.008053298915613,0.0996365901954839,0.0764415738607363,-1.1980822300535083,Cash
2006-06,2006-06-30,TLT,84.297485,0.332227,0.94,5.01,4.949721809612707,-0.0035457759051348,0.0895519792259456,0.0715385360884254,-1.3013651134265127,Cash
2006-07,2006-07-31,TLT,85.726346,0.326719,2.09,5.1,4.861571960619901,-0.0140251787870646,0.0799023931925815,0.0675537960406587,-1.3904114570129242,Cash
2006-08,2006-08-31,TLT,88.09,0.342056,3.17,5.05,4.727700079464184,-0.0189588188550479,0.0703350811868935,0.0636482276945868,-1.4029283025823465,Cash
2006-09,2006-09-30,TLT,89.42,0.350154,1.91,4.89,4.675205770521136,-0.0126349546752272,0.0614908661855235,0.0604872960641416,-1.2254775082382043,Cash
2006-10,2006-10-31,TLT,89.82,0.353682,0.84,5.08,4.645311734580273,-0.0255698979658663,0.0533446996296549,0.0564603602771421,-1.397699150486463,Cash
2006-11,2006-11-30,TLT,91.61,0.345447,2.38,5.03,4.498794891387403,-0.0312473593301527,0.0453114071158524,0.0531723218067946,-1.4398236496835095,Cash
2006-12,2006-12-31,TLT,88.42,0.644712,-2.79,5.02,4.516368468672246,-0.0296253841957502,0.0374314316266471,0.0496636044967214,-1.350220478395281,Cash
2007-01,2007-01-31,TLT,87.49,0.0,-1.05,5.12,4.5643765001714485,-0.0326837352840324,0.0299998022686529,0.0454503127515539,-1.379166253383861,Cash
2007-02,2007-02-28,TLT,90.21,0.355292,3.53,5.16,4.465277685400732,-0.0408660185058393,0.0237198248460315,0.043109667605138,-1.4981753963738087,Cash
2007-03,2007-03-31,TLT,88.29,0.342642,-1.76,5.04,4.588323705968966,-0.0265691937665314,0.0175570252593647,0.0412107843180899,-1.0707444606077658,Cash
2007-04,2007-04-30,TLT,88.69,0.326029,0.82,4.91,4.5650028188070815,-0.0202939518348775,0.0121517323041132,0.0378670286292343,-0.8568320598025957,Cash
2007-05,2007-05-31,TLT,86.46,0.324018,-2.16,4.73,4.676125375896369,-0.0031690955355077,0.0077017967425504,0.0349092703463645,-0.3114041677238974,Cash
2007-06,2007-06-30,TLT,85.21,0.337552,-1.05,4.82,4.750971716934633,-0.0040604872391392,0.0044542206195402,0.031893612959689,-0.2669721950110006,Cash
2007-07,2007-07-31,TLT,87.57,0.325687,3.17,4.96,4.621755167294736,-0.0198967548650155,0.0016111306511705,0.029272148892618,-0.734755948225242,Cash
2007-08,2007-08-31,TLT,88.85,0.340514,1.86,4.01,4.553437253798537,0.0319668972822668,-0.0015302395941628,0.0272108586254403,1.2310209441576414,Long
2007-09,2007-09-30,TLT,88.73,0.361787,0.27,3.82,4.572705961906908,0.0442768212886416,-0.0019953418913128,0.0265004482005955,1.7460898332623125,Long
2007-10,2007-10-31,TLT,89.77,0.344759,1.57,3.94,4.509790575916231,0.0335170927009547,-0.0022581915051333,0.0259824661938003,1.376901020066537,Long
2007-11,2007-11-30,TLT,94.17,0.393768,5.36,3.15,4.350387596899225,0.0706110351117191,-0.0022031493195567,0.0260599126140643,2.7941070067893716,Long
2007-12,2007-12-31,TLT,92.908788,0.7376240000000001,-0.56,3.36,4.509446404574775,0.0676144943867514,-0.0007315663168904,0.0290903433110423,2.349441530231047,Long
2008-01,2008-01-31,TLT,94.810695,0.0,2.04,1.96,4.418986697650513,0.1446462763323831,3.344767488395033e-05,0.0306610297247515,4.716502673123159,Long
2008-02,2008-02-29,TLT,94.330419,0.328821,-0.16,1.85,4.413423627430299,0.1507896251429587,0.0057170353803772,0.0425760266000242,3.4073773751940237,Long
2008-03,2008-03-31,TLT,95.571872,0.347943,1.69,1.38,4.3616410485294255,0.1753906499134956,0.0121857386733744,0.0517648342301647,3.1528143317228516,Long
2008-04,2008-04-30,TLT,92.949823,0.406145,-2.32,1.43,4.570872609407766,0.1847572123181038,0.019012465226008,0.0615550982042456,2.692624200551821,Long
2008-05,2008-05-31,TLT,90.339774,0.336369,-2.46,1.89,4.716603563785758,0.1662707978697504,0.0261865331936542,0.0701992251304188,1.995524372467676,Long
2008-06,2008-06-30,TLT,92.204087,0.326633,2.43,1.9,4.609394375327419,0.1593761397251423,0.0327789289834099,0.075640503428603,1.673669595036835,Long
2008-07,2008-07-31,TLT,91.295163,0.33174,-0.62,1.68,4.661915111537727,0.1754067712669251,0.0395673421346714,0.0794534484334123,1.7096731710278972,Long
2008-08,2008-08-31,TLT,93.832182,0.332485,3.15,1.72,4.527310256943614,0.1651358974672714,0.0474603400535877,0.0832180391668355,1.4140630876650149,Long
2008-09,2008-09-30,TLT,94.801286,0.34,1.4,0.92,4.458048174578559,0.2081204808575623,0.0551309532336843,0.0852883803107869,1.793790983793936,Long
2008-10,2008-10-31,TLT,92.643232,0.29,-1.98,0.46,4.502787640223952,0.2378110376602324,0.0643290963808839,0.0894639876443288,1.9391259639469645,Long
2008-11,2008-11-30,TLT,105.651341,0.37,14.49,0.01,3.925894324426984,0.2303467249662932,0.0753033020319713,0.093996132014203,1.6494659898440764,Long
2008-12,2008-12-31,TLT,119.032947,0.7601249999999999,13.41,0.11,3.503451023522084,0.1996147660895343,0.0862030555443232,0.0962436635278188,1.1783810631068692,Long
2009-01,2009-01-31,TLT,103.414962,0.0,-13.13,0.24,4.032550918502489,0.2230912305001464,0.0957547284728768,0.0956219334015684,1.331666255821397,Long
2009-02,2009-02-28,TLT,101.54461,0.28525,-1.55,0.26,4.063918311370736,0.2237599006688668,0.1064120187138842,0.0949356814583252,1.2360777333914832,Long
2009-03,2009-03-31,TLT,105.443983,0.28215,4.12,0.21,3.851236347928928,0.214190373407584,0.117438098679497,0.0924205750025003,1.0468694305945347,Long
2009-04,2009-04-30,TLT,97.957808,0.302131,-6.83,0.14,4.039374788786616,0.2293749875756832,0.1274697473117518,0.0891173209953459,1.1434953286943323,Long
2009-05,2009-05-31,TLT,94.162195,0.296682,-3.59,0.14,4.160051706526169,0.236473629795657,0.1378726197871918,0.085622254777167,1.1515815632872015,Long
2009-06,2009-06-30,TLT,94.620281,0.305428,0.83,0.19,4.117500982691015,0.2310294695700597,0.147857733342657,0.082370703870355,1.0097247239541425,Long
2009-07,2009-07-31,TLT,94.711111,0.303319,0.42,0.18,4.083544115536771,0.2296202420903983,0.157653148209707,0.0773442457303052,0.9304776742103904,Long
2009-08,2009-08-31,TLT,96.578169,0.318484,2.33,0.15,3.990103601984833,0.2258884471755784,0.1680496897495159,0.0687307995925818,0.8415260373648423,Long
2009-09,2009-09-30,TLT,98.631326,0.307474,2.45,0.14,3.8740663387208234,0.2196509611012249,0.1761297543284038,0.0632146520918488,0.6884670773729185,Long
2009-10,2009-10-31,TLT,95.926635,0.307272,-2.44,0.05,4.001302662185534,0.2324295683638549,0.1834370101539282,0.0571563520309339,0.8571673395707816,Long
2009-11,2009-11-30,TLT,96.572877,0.308313,0.99,0.06,3.910650813478406,0.2265088713810827,0.1917250299732157,0.0481903904602594,0.7218003646712863,Long
2009-12,2009-12-31,TLT,89.951441,0.6247720000000001,-6.23,0.06,4.048045211415791,0.2345908947891641,0.1982207731511058,0.0411475919406167,0.8838942918104846,Long
2010-01,2010-01-31,TLT,92.24758,0.0,2.55,0.08,3.947285121192339,0.2274873600701376,0.205178123167873,0.0309592522174888,0.7205999920651209,Long
2010-02,2010-02-28,TLT,92.008037,0.324788,0.1,0.13,4.000534214201309,0.2276784831883123,0.2086298349902795,0.0284319063520329,0.6699743577577868,Long
2010-03,2010-03-31,TLT,89.472742,0.289643,-2.46,0.16,4.122267762845583,0.2330745742850342,0.2118335374088359,0.0258453746388839,0.8218506085898064,Long
2010-04,2010-04-30,TLT,92.101446,0.33167,3.33,0.16,4.036684722626396,0.2280402778015527,0.2142370342576499,0.0249765737575118,0.5526476000236554,Long
2010-05,2010-05-31,TLT,96.514764,0.320037,5.16,0.16,3.8762981381791497,0.2186057728340676,0.2160404953194603,0.0243091347571877,0.1055273065138094,Long
2010-06,2010-06-30,TLT,101.503923,0.325851,5.53,0.18,3.705889278781865,0.2074052516930508,0.2182211192763069,0.0218760517412701,-0.4944158896301902,Long
2010-07,2010-07-31,TLT,100.536211,0.309534,-0.65,0.15,3.747742194103575,0.2116318937707985,0.2202223322749697,0.0181360230110418,-0.4736671594947312,Long
2010-08,2010-08-31,TLT,108.304637,0.324422,8.07,0.14,3.484408520754287,0.1967299129855463,0.2217317123792978,0.0155699491093467,-1.6057727111479645,Cash
2010-09,2010-09-30,TLT,105.544962,0.322248,-2.25,0.16,3.589512875091092,0.2017360514759466,0.2230481296925592,0.0113370286911311,-1.8798645392231303,Cash
2010-10,2010-10-31,TLT,100.232271,0.392226,-4.67,0.12,3.864527822581212,0.2202663425047771,0.2227821118016586,0.0117691945999651,-0.2137588324768597,Cash
2010-11,2010-11-30,TLT,98.649233,0.319415,-1.26,0.17,3.9377964550418754,0.2216350855906985,0.2220510828368479,0.0113318624617333,-0.0367104037446842,Cash
2010-12,2010-12-31,TLT,94.355627,0.660174,-3.67,0.12,4.154503684237083,0.2373237461315931,0.2216880978628648,0.0111932600814345,1.396880636648656,Long
2011-01,2011-01-31,TLT,91.443443,0.0,-3.09,0.15,4.286811466624239,0.2433418509778964,0.2232593053646173,0.0105904828638263,1.896282338728348,Long
2011-02,2011-02-28,TLT,92.450099,0.319952,1.46,0.15,4.234902982634989,0.2402884107432346,0.2241030812178569,0.0113555865052981,1.425318676215109,Long
2011-03,2011-03-31,TLT,92.214134,0.296885,0.07,0.09,4.253593055485399,0.2449172385579646,0.2247917691376222,0.0118253579152746,1.701890933410698,Long
2011-04,2011-04-30,TLT,93.623365,0.385824,1.95,0.04,4.247409821255624,0.2474946953679778,0.2260720551855547,0.0122821978226805,1.744202502817822,Long
2011-05,2011-05-31,TLT,96.684068,0.400095,3.71,0.06,4.195754361514867,0.2432796683244039,0.2268270430102337,0.0130283049857131,1.2628369793470544,Long
2011-06,2011-06-30,TLT,94.134345,0.352,-2.29,0.03,4.337178954185107,0.2533634678932415,0.2271106279489314,0.0133182564492736,1.9711919532636497,Long
2011-07,2011-07-31,TLT,98.060389,0.319659,4.53,0.1,4.173856581376604,0.2396386224339179,0.2280412112123974,0.0143446969476566,0.8084807412689933,Long
2011-08,2011-08-31,TLT,107.487731,0.325165,9.98,0.02,3.808474662098878,0.2228514507116987,0.2284586437267106,0.0145371222150527,-0.3857154760111939,Long
2011-09,2011-09-30,TLT,120.396883,0.322448,12.34,0.02,3.400289856341214,0.1988405797847773,0.2283321022073824,0.0145736400064177,-2.0236208942733644,Cash
2011-10,2011-10-31,TLT,114.692245,0.305898,-4.51,0.01,3.494146443815796,0.2049497908126938,0.2274650029858637,0.0156890097621706,-1.435094535249679,Cash
2011-11,2011-11-30,TLT,117.890066,0.299457,3.05,0.01,3.3824368204187794,0.1983786364952223,0.2263200122545653,0.0163017195778989,-1.7140140109651092,Cash
2011-12,2011-12-31,TLT,121.223961,0.669694,3.41,0.02,3.2972664537830108,0.1927803796342947,0.2251479191343211,0.0172700708242209,-1.8741984227784123,Cash
2012-01,2012-01-31,TLT,120.885141,0.0,-0.27,0.06,3.3065081174864988,0.1909710657344999,0.2234058143362016,0.0183510721038518,-1.7674579674772133,Cash
2012-02,2012-02-29,TLT,117.762396,0.288793,-2.35,0.08,3.3677286932918724,0.1933958054877572,0.2218843020722166,0.0194772067465583,-1.462658221743908,Cash
2012-03,2012-03-31,TLT,112.520923,0.266781,-4.23,0.07,3.497850795269427,0.2016382820746722,0.2204558571680269,0.0202746011460059,-0.9281354024102102,Cash
2012-04,2012-04-30,TLT,117.454731,0.290002,4.65,0.1,3.2693378694128548,0.1864316393772267,0.2191460116592618,0.0204387311484331,-1.6006068108852751,Cash
2012-05,2012-05-31,TLT,127.064265,0.283496,8.45,0.07,2.930322699304954,0.1682542764297031,0.2174123183915816,0.0213938688690866,-2.2977630770145607,Cash
2012-06,2012-06-30,TLT,124.858626,0.262652,-1.53,0.09,2.9105277836390733,0.1659133990375925,0.215314339374733,0.0236243221687096,-2.091105090099554,Cash
2012-07,2012-07-31,TLT,129.289075,0.268819,3.77,0.11,2.771467736156361,0.1565569256562565,0.2135855121807556,0.0256588528221748,-2.2225696105639643,Cash
2012-08,2012-08-31,TLT,127.326251,0.272515,-1.31,0.09,2.7728413993749017,0.1578141999632295,0.2112907218426497,0.0281801057630937,-1.897669310718345,Cash
2012-09,2012-09-30,TLT,124.114957,0.271734,-2.32,0.1,2.803724131330924,0.1590425959606425,0.2096692338000531,0.0301080244779943,-1.6814998232917338,Cash
2012-10,2012-10-31,TLT,123.69623,0.259682,-0.12,0.11,2.7758525866148065,0.1568148580361651,0.2078903398202488,0.0318102500020209,-1.6056296879414271,Cash
2012-11,2012-11-30,TLT,125.082233,0.269553,1.34,0.08,2.721186629279316,0.1553639193693715,0.2052465279673899,0.0333370806275795,-1.4963100445199446,Cash
2012-12,2012-12-31,TLT,121.873634,0.513073,-2.16,0.05,2.6643170416991095,0.1537833553940653,0.2024852293748347,0.0346397591813477,-1.4059530184896214,Cash
2013-01,2013-01-31,TLT,117.161303,0.0,-3.86,0.07,2.771478224341701,0.1589104837848059,0.1990043797607711,0.0351798829705094,-1.139682471643669,Cash
2013-02,2013-02-28,TLT,118.40746,0.260183,1.29,0.11,2.718147995067203,0.1534204702980707,0.1954864061277256,0.0347725764203105,-1.2097445792105386,Cash
2013-03,2013-03-31,TLT,117.794569,0.253853,-0.31,0.07,2.721315615153701,0.1559597420678647,0.1918669086091771,0.0344256872468545,-1.043034124020086,Cash
2013-04,2013-04-30,TLT,122.825892,0.255129,4.5,0.05,2.5814500089280856,0.1489088240545932,0.1881603462554229,0.0332338246169376,-1.1810714732130227,Cash
2013-05,2013-05-31,TLT,114.269025,0.260567,-6.77,0.04,2.7546922711557222,0.1596877806562189,0.1840526016173652,0.0316353920513576,-0.7701760395948912,Cash
2013-06,2013-06-30,TLT,110.204909,0.27508,-3.3300000000000005,0.04,2.8675564715542756,0.1663268512678985,0.1805696062978575,0.0293502119182357,-0.4852692399508639,Cash
2013-07,2013-07-31,TLT,107.651189,0.251607,-2.09,0.04,2.9195924626526883,0.1693877919207463,0.1769430806051349,0.0250228355449482,-0.3019357526774762,Cash
2013-08,2013-08-31,TLT,106.540531,0.269976,-0.7799999999999999,0.03,2.947645342597363,0.1716261966233743,0.1740159626670861,0.0211844814264356,-0.1128073893151647,Cash
2013-09,2013-09-30,TLT,106.423985,0.279034,0.15,0.02,2.957732695312997,0.1728078056066468,0.1718815770800726,0.0184549551154812,0.0501886090092529,Cash
2013-10,2013-10-31,TLT,107.648,0.277724,1.4200000000000002,0.04,2.9408618831747924,0.1706389343043995,0.1707968781559838,0.0175441007322056,-0.009002675827916,Cash
2013-11,2013-11-30,TLT,104.498549,0.287864,-2.6599999999999997,0.06,3.0470183849155648,0.1757069638185626,0.1693672591348049,0.0159671508876235,0.3970467072288852,Cash
2013-12,2013-12-31,TLT,101.798686,0.644673,-1.97,0.07,3.2571049099788967,0.1874767594105233,0.1684226061066107,0.0148044688415468,1.2870541664040998,Long
2014-01,2014-01-31,TLT,107.88132,0.0,5.970000000000001,0.02,3.073460725174664,0.1796153367749802,0.1682016219306202,0.0144606669781315,0.7892938037796289,Long
2014-02,2014-02-28,TLT,108.516045,0.275563,0.85,0.05,3.0696566576859667,0.1776268622168215,0.1677284665573069,0.0138564107728564,0.7143549525036235,Long
2014-03,2014-03-31,TLT,109.10253,0.263277,0.78,0.05,3.061793342464194,0.1771643142625996,0.1670714272543513,0.0129292521085826,0.780624194151841,Long
2014-04,2014-04-30,TLT,111.214326,0.280222,2.2,0.03,3.026217144003552,0.1762480672943266,0.1660516785955149,0.0108884651813921,0.9364394824200504,Long
2014-05,2014-05-31,TLT,114.277288,0.269307,3.01,0.04,2.9527538315399995,0.1713384606788235,0.1656273630920607,0.0102387838859743,0.5577906175543096,Long
2014-06,2014-06-30,TLT,113.755485,0.293841,-0.2,0.04,2.982790675983668,0.1731053338813922,0.1657558707691074,0.0102924024665588,0.7140668212464477,Long
2014-07,2014-07-31,TLT,114.201823,0.291796,0.65,0.03,3.0063241634943076,0.1750778919702534,0.1660555347209324,0.0104013089593074,0.8674251754869173,Long
2014-08,2014-08-31,TLT,118.831309,0.299803,4.33,0.03,2.914302660757528,0.1696648623975016,0.1668272416506823,0.010352888367527,0.2740897656850808,Long
2014-09,2014-09-30,TLT,116.239996,0.271016,-1.95,0.02,2.972372779503537,0.1736689870296198,0.1673210192521103,0.0101855789424406,0.6232309241705632,Long
2014-10,2014-10-31,TLT,119.323803,0.289366,2.9,0.01,2.9053113568631397,0.1703124327566552,0.1679304522133177,0.0101059797643093,0.2357001101219082,Long
2014-11,2014-11-30,TLT,122.514662,0.290003,2.92,0.02,2.8313892748608325,0.165375839697696,0.1684928511600048,0.0098323675695313,-0.3170153516196656,Long
2014-12,2014-12-31,TLT,125.89682,0.5378499999999999,3.22,0.04,2.670475711777311,0.1547338653986653,0.1689100145070183,0.0094563199497419,-1.49911902132075,Cash
2015-01,2015-01-31,TLT,137.612994,0.0,9.3,0.02,2.443115219192165,0.142536189364245,0.1689496190905433,0.0093919841953317,-2.8123375398594592,Cash
2015-02,2015-02-28,TLT,129.363248,0.27902,-5.8,0.02,2.601589749818279,0.1518582205775458,0.1682673568230199,0.0106618558480424,-1.5390506567847595,Cash
2015-03,2015-03-31,TLT,130.647666,0.25209,1.2,0.03,2.567450382159908,0.1492617871858769,0.1682022630846647,0.0107607518183792,-1.7601442927470647,Cash
2015-04,2015-04-30,TLT,125.91831,0.273077,-3.42,0.01,2.65820673736806,0.1557768669040035,0.1679231816312485,0.0111711000674054,-1.0872979969703254,Cash
2015-05,2015-05-31,TLT,123.381724,0.258099,-1.81,0.01,2.7037723998734204,0.1584571999925541,0.1682093500833073,0.0107425843273135,-0.9078029823752876,Cash
2015-06,2015-06-30,TLT,118.016005,0.264356,-4.14,0.01,2.801718292362125,0.164218723080125,0.1681580758889879,0.0107878673871381,-0.3651651125744916,Cash
2015-07,2015-07-31,TLT,122.151324,0.258167,3.73,0.08,2.6793381298102017,0.1529022429300118,0.1680702372144974,0.010811981770021,-1.4028875193392112,Cash
2015-08,2015-08-31,TLT,121.887606,0.267426,0.0,0.08,2.6585721931399653,0.1516807172435273,0.1673833393398834,0.0112398438348616,-1.397049845804144,Cash
2015-09,2015-09-30,TLT,123.45155,0.26267,1.5,0.0,2.618131566594344,0.154007739211432,0.1665522776990565,0.0116426476835032,-1.0774644074645685,Cash
2015-10,2015-10-31,TLT,122.557395,0.256264,-0.52,0.08,2.610223560969128,0.1488366800570075,0.1657689415992559,0.011834337810811,-1.430773889754962,Cash
2015-11,2015-11-30,TLT,121.225235,0.266597,-0.87,0.22,2.6195997887733524,0.1411529287513736,0.1648605143389479,0.0122729192384333,-1.93169898106496,Cash
2015-12,2015-12-31,TLT,120.731049,0.5105489999999999,0.0,0.16,2.607709471653808,0.1439829100972828,0.163420762877815,0.0129531253542109,-1.5006303304409137,Cash
2016-01,2016-01-31,TLT,127.027276,0.0,5.22,0.33,2.4784558869073123,0.1263797580533713,0.16160851915643,0.012474909068873,-2.823969369921927,Cash
2016-02,2016-02-29,TLT,130.771338,0.241034,3.14,0.33,2.3784485557530965,0.1204969738678292,0.1593903700430296,0.0137967747817929,-2.819020879178693,Cash
2016-03,2016-03-31,TLT,130.508383,0.248399,-0.01,0.21,2.380412605372637,0.1276713297278021,0.1570099580284883,0.0153540913926377,-1.9108019843332409,Cash
2016-04,2016-04-30,TLT,129.437156,0.270371,-0.61,0.22,2.398022404015119,0.1281189649420658,0.1549477503395384,0.0158453107031805,-1.6931687803437947,Cash
2016-05,2016-05-31,TLT,130.35532,0.260185,0.92,0.34,2.3827320588066527,0.1201607093415678,0.1529423710748608,0.0160762614071208,-2.039134653456967,Cash
2016-06,2016-06-30,TLT,138.685714,0.267273,6.61,0.26,2.24171250976867,0.1165713241040394,0.1508099647691418,0.0169029861430598,-2.0255971563439066,Cash
2016-07,2016-07-31,TLT,141.442702,0.255179,2.17,0.28,2.1959047416953332,0.1127002789232548,0.1484543810284188,0.0175862867391167,-2.033067163953209,Cash
2016-08,2016-08-31,TLT,139.885673,0.258147,-0.91,0.33,2.213713480150323,0.1108066753029601,0.1458553138181272,0.0180829044211109,-1.9382195303896823,Cash
2016-09,2016-09-30,TLT,137.161441,0.254173,-1.77,0.29,2.251486261361165,0.1153815447859508,0.1434028893558546,0.0186943029491402,-1.4989242790244082,Cash
2016-10,2016-10-31,TLT,131.0682,0.247067,-4.27,0.34,2.349138845272919,0.1181846379572305,0.1409742459290351,0.0183748053086207,-1.240263915129081,Cash
2016-11,2016-11-30,TLT,120.750011,0.24986,-7.7,0.48,2.536013847650912,0.1209419910382889,0.1388022544790591,0.0178288794955644,-1.0017602870227225,Cash
2016-12,2016-12-31,TLT,119.49016,0.551246,-0.58,0.51,2.596811319024094,0.1227536070014173,0.1369508441182504,0.0172469959634716,-0.8231715915572925,Cash
2017-01,2017-01-31,TLT,119.981482,0.0,0.41,0.52,2.5861774236127544,0.121539848447809,0.1356183333516984,0.0170475876934725,-0.8258344322393513,Cash
2017-02,2017-02-28,TLT,121.651753,0.259159,1.61,0.53,2.5655684550636932,0.1197393208860995,0.1347434858135136,0.0172150642702328,-0.8715718217420964,Cash
2017-03,2017-03-31,TLT,120.689616,0.233877,-0.59,0.76,2.5739886354431687,0.1067052138495981,0.13340519832637,0.0170746068356514,-1.563724701468554,Cash
2017-04,2017-04-30,TLT,122.301698,0.254558,1.55,0.8,2.52713089886945,0.1015959352276147,0.1316320077706917,0.0175591762390918,-1.7105627356372224,Cash
2017-05,2017-05-31,TLT,124.587003,0.25481,2.09,0.98,2.4764613689278647,0.0880271393486979,0.1293744689508422,0.0178012496986644,-2.3227206124324153,Cash
2017-06,2017-06-30,TLT,124.910691,0.262986,0.47,1.03,2.466611925155389,0.0845065838326699,0.1264398830906815,0.0185864100066065,-2.2561268821201304,Cash
2017-07,2017-07-31,TLT,123.770384,0.257638,-0.71,1.07,2.4913237725755133,0.083607280739736,0.1231185439553709,0.0186639229269672,-2.11698598254205,Cash
2017-08,2017-08-31,TLT,127.950727,0.268655,3.6,1.01,2.4181410082961077,0.0828318240174181,0.1202312538641094,0.0192080859061825,-1.9470669815493424,Cash
2017-09,2017-09-30,TLT,124.803291,0.26264,-2.26,1.06,2.4859088050811096,0.0838769885341829,0.1173625499796882,0.0194466991663076,-1.7219149203233757,Cash
2017-10,2017-10-31,TLT,124.493274,0.252388,-0.05,1.15,2.496373418535045,0.0791984363844144,0.1144404353681361,0.0189639100431976,-1.8583719762140027,Cash
2017-11,2017-11-30,TLT,125.209143,0.263073,0.79,1.27,2.4926534318663935,0.0719207901097878,0.1115388418817781,0.0187990775725825,-2.1074465818350117,Cash
2017-12,2017-12-31,TLT,126.936643,0.5162629999999999,1.8,1.39,2.431171115814052,0.0612453597537677,0.1086541694383787,0.0193606572684092,-2.4487190195741864,Cash
2018-01,2018-01-31,TLT,122.771544,0.0,-3.28,1.46,2.513650068618506,0.0619794158010886,0.1052067715073989,0.0201466926902672,-2.1456303707453253,Cash
2018-02,2018-02-28,TLT,118.704254,0.254551,-3.11,1.65,2.5958960156558497,0.0556409420974029,0.1025234239135538,0.0214506031382195,-2.1856020324490637,Cash
2018-03,2018-03-31,TLT,122.146656,0.238982,3.11,1.73,2.5269164961830803,0.0468774409519459,0.0998210892564527,0.0231090124765544,-2.291038977032073,Cash
2018-04,2018-04-30,TLT,119.501384,0.260434,-1.96,1.87,2.58776919269822,0.0422217172175423,0.0964546772241253,0.0247052335662264,-2.1952012662095552,Cash
2018-05,2018-05-31,TLT,121.858168,0.262083,2.2,1.93,2.5436891518014613,0.0360993618706741,0.0928756252356035,0.0261011186891985,-2.1752425266134336,Cash
2018-06,2018-06-30,TLT,121.832381,0.280689,0.21,1.93,2.558758167912684,0.036985774583099,0.0893730690909829,0.0278613116556153,-1.8802881628627663,Cash
2018-07,2018-07-31,TLT,119.633592,0.27494,-1.58,2.03,2.620249001634926,0.0347205295079368,0.0860570045276104,0.0291879848229117,-1.7588221773836177,Cash
2018-08,2018-08-31,TLT,121.268214,0.266812,1.6,2.11,2.5834098620434864,0.0278476389437345,0.0828078483019722,0.0304079407128807,-1.807429509192534,Cash
2018-09,2018-09-30,TLT,117.273082,0.272334,-3.08,2.19,2.679684840209111,0.0288049906005359,0.0793512217870044,0.0317714101982667,-1.5909344555699323,Cash
2018-10,2018-10-31,TLT,113.267464,0.260868,-3.19,2.34,2.781936567415335,0.0259962686714903,0.0757438653626122,0.0324111779299077,-1.5348901171906113,Cash
2018-11,2018-11-30,TLT,115.117339,0.274697,1.88,2.37,2.747329835343049,0.0221958726672381,0.0719026833090396,0.0326247667650907,-1.5235912949112322,Cash
2018-12,2018-12-31,TLT,121.013296,0.548729,5.61,2.45,2.6403040869162018,0.0111943580538942,0.0677882617102459,0.0323971714468181,-1.7468779257242857,Cash
2019-01,2019-01-31,TLT,121.755884,0.0,0.62,2.41,2.624200896935708,0.0126000527609239,0.0631399596707657,0.0321703240053659,-1.5710101925430364,Cash
2019-02,2019-02-28,TLT,119.951343,0.274843,-1.26,2.45,2.6805960813627574,0.0135644753742798,0.0586008015171455,0.0312442164327873,-1.441429207858292,Cash
2019-03,2019-03-31,TLT,126.11423,0.253291,5.36,2.4,2.5609481182258342,0.0094675363662255,0.0541768496208197,0.0296891607391949,-1.5059136783065104,Cash
2019-04,2019-04-30,TLT,123.496725,0.27819,-1.85,2.43,2.629604955111158,0.0117414679477151,0.0501252797256792,0.0288315893335987,-1.3313109913518983,Cash
2019-05,2019-05-31,TLT,131.549569,0.25891,6.74,2.35,2.466220926957199,0.0068365251151293,0.0463813435890167,0.0276678056060508,-1.4292719501122702,Cash
2019-06,2019-06-30,TLT,132.919819,0.269533,1.25,2.12,2.4324040044020823,0.0183767061412989,0.0429984013292847,0.0273157296187748,-0.9013742459605648,Cash
2019-07,2019-07-31,TLT,132.90203,0.260162,0.18,2.08,2.4216101138560484,0.0200947125797675,0.0402429897588109,0.0262616537899298,-0.7672128092241223,Cash
2019-08,2019-08-31,TLT,147.051317,0.263951,10.86,1.99,2.1866570565974595,0.0115680621527917,0.0375966327521455,0.0248647882567619,-1.046804434068544,Cash
2019-09,2019-09-30,TLT,142.888794,0.260183,-2.66,1.88,2.241853199488828,0.0212854823228722,0.0346273093411194,0.02344242325767,-0.5691317348722459,Cash
2019-10,2019-10-31,TLT,141.308064,0.25009,-0.93,1.54,2.2593041823855144,0.0423120107285596,0.0320193299156481,0.0210886553837417,0.4880671918441287,Cash
2019-11,2019-11-30,TLT,140.370833,0.245638,-0.49,1.59,2.253687559152691,0.0390404446560406,0.0304823955133209,0.0187108443911929,0.4573844431493388,Cash
2019-12,2019-12-31,TLT,135.875492,0.458129,-2.88,1.55,2.261570467763237,0.0418570863390139,0.0291123811194147,0.0166331964586949,0.7662210478453697,Long
2020-01,2020-01-31,TLT,145.423043,0.0,7.02,1.55,2.113090151744383,0.0331229501026107,0.0283045363938,0.0154321666358648,0.3122318351340596,Long
2020-02,2020-02-29,TLT,155.118111,0.241966,6.85,1.27,1.9598246654770055,0.0405779214986473,0.0271021836563634,0.0137240103782319,0.9819096219613884,Long
2020-03,2020-03-31,TLT,165.81685,0.229242,7.06,0.11,1.8188706395037657,0.1005218023237509,0.0264745577980819,0.0126657625384137,5.84625239112865,Long
2020-04,2020-04-30,TLT,167.470959,0.238017,1.14,0.09,1.7769176326266811,0.09923044897804,0.0287097395219071,0.019377830587463,3.639246877395966,Long
2020-05,2020-05-31,TLT,163.824924,0.216207,-2.05,0.14,1.790397900627135,0.097082229448655,0.0310851033452612,0.0240395396778862,2.7453573149781993,Long
2020-06,2020-06-30,TLT,163.923738,0.210189,0.19,0.16,1.753116440036281,0.09371273176684,0.0336260561610104,0.0275580107808413,2.180370567515801,Long
2020-07,2020-07-31,TLT,170.959347,0.191656,4.42,0.09,1.64089770417759,0.0912292767163288,0.0359896793769996,0.030167828215878,1.8310763686414504,Long
2020-08,2020-08-31,TLT,162.969053,0.19014,-4.57,0.11,1.676058705452501,0.0921211003207353,0.0383442105106826,0.0322011352292702,1.6700308677679894,Long
2020-09,2020-09-30,TLT,163.618445,0.18292,0.51,0.1,1.622185078216579,0.0895402987186222,0.041022271401391,0.0339171940178317,1.4304847061264294,Long
2020-10,2020-10-31,TLT,158.390116,0.16906,-3.1,0.09,1.6245735939735026,0.0902690349396178,0.0435529092396446,0.0352072664848691,1.3268887466753518,Long
2020-11,2020-11-30,TLT,160.229133,0.169451,1.27,0.08,1.5583788997972048,0.0869634646939532,0.0462309411674832,0.036242974347038,1.123873640624607,Long
2020-12,2020-12-31,TLT,157.889575,0.3269309999999999,-1.25,0.09,1.4983756843984155,0.0828456284940244,0.048929590835263,0.0367827891424653,0.9220626942508178,Long
2021-01,2021-01-31,TLT,152.024366,0.0,-3.72,0.06,1.556184092226374,0.0880108289544926,0.0519150604369351,0.0364934951921838,0.9891014365017134,Long
2021-02,2021-02-28,TLT,143.090588,0.175774,-5.77,0.04,1.60708473711772,0.0921814551245717,0.0550571761116671,0.0362066020254363,1.025345570590234,Long
2021-03,2021-03-31,TLT,135.504412,0.171726,-5.19,0.03,1.6546110690477,0.0955653570028058,0.0583328836012626,0.0358439591318305,1.0387377483777889,Long
2021-04,2021-04-30,TLT,138.599063,0.185064,2.43,0.01,1.5794608943351944,0.0923212290785408,0.0619202927944535,0.0350401776508985,0.8676022304158514,Long
2021-05,2021-05-31,TLT,138.471515,0.203071,0.05,0.01,1.5714293297072683,0.0918487841004275,0.0652777828415712,0.0338638449391882,0.7846421842106741,Long
2021-06,2021-06-30,TLT,144.303188,0.199272,4.36,0.05,1.5003583981803643,0.0853151998929626,0.068819960299292,0.0318727011852012,0.5175350372038585,Long
2021-07,2021-07-31,TLT,149.431011,0.187502,3.69,0.06,1.4460927390767635,0.0815348670045155,0.0716090642056113,0.0301488059350721,0.3292270619367202,Long
2021-08,2021-08-31,TLT,148.863623,0.181723,-0.26,0.04,1.4459502977433245,0.0827029586907838,0.0741690706399758,0.0281250062270607,0.3034270635146383,Long
2021-09,2021-09-30,TLT,144.287641,0.189348,-2.95,0.04,1.4962625939667278,0.0856625055274545,0.0771330246623921,0.0247917130703895,0.3440456430277775,Long
2021-10,2021-10-31,TLT,147.494886,0.183085,2.35,0.05,1.4732354856018532,0.0837197344471678,0.0798154006292497,0.0217871008195467,0.1792039175040295,Long
2021-11,2021-11-30,TLT,151.596208,0.188215,2.92,0.05,1.445755819960879,0.0821032835271105,0.0815407224508584,0.0202751576930434,0.0277463230998718,Long
2021-12,2021-12-31,TLT,148.095462,0.351765,-2.08,0.06,1.496700148718939,0.0845117734540552,0.0833350074038197,0.0181439441406271,0.0648572350705449,Long
2022-01,2022-01-31,TLT,142.404734,0.0,-3.85,0.22,1.5565107547618469,0.0786182796918733,0.085112286033613,0.0158482201512088,-0.4097625020210505,Long
2022-02,2022-02-28,TLT,139.874093,0.198134,-1.64,0.35,1.600657385495969,0.0735680814997628,0.087007924766499,0.0114774982958004,-1.170973231305447,Cash
2022-03,2022-03-31,TLT,132.105542,0.184723,-5.43,0.52,1.7046234139064351,0.0696837302297903,0.0883825147665455,0.0066247050255467,-2.8225837172594663,Cash
2022-04,2022-04-30,TLT,119.426557,0.201727,-9.46,0.85,1.8995481884318248,0.0617381287312838,0.0870975950959638,0.0071385428998401,-3.5524709622811175,Cash
2022-05,2022-05-31,TLT,116.537148,0.20313,-2.25,1.16,1.946696001175522,0.046276235363266,0.0855354150856823,0.0083649863343652,-4.693274818768186,Cash
2022-06,2022-06-30,TLT,114.689471,0.207438,-1.41,1.72,1.9851778721692772,0.0155986983628986,0.0834184986654577,0.011247765273742,-6.029624432231437,Cash
2022-07,2022-07-31,TLT,117.391266,0.226939,2.56,2.41,1.9730829037996744,-0.0257010056588426,0.0801637472736268,0.0176303757919626,-6.004679320603657,Cash
2022-08,2022-08-31,TLT,111.832192,0.213043,-4.57,2.96,2.0991692624606695,-0.0506371022081959,0.0752916521746614,0.0277130466676984,-4.544024188060004,Cash
2022-09,2022-09-30,TLT,102.478468,0.236135,-8.17,3.33,2.3364264188648876,-0.0584455047726536,0.0693433937359559,0.0375267766149939,-3.405272449047781,Cash
2022-10,2022-10-31,TLT,95.834592,0.244114,-6.26,4.22,2.5620842628515597,-0.0975244551263788,0.0631773185904861,0.0453965868176581,-3.539952780202316,Cash
2022-11,2022-11-30,TLT,102.568154,0.235637,7.29,4.37,2.440118986639849,-0.1135224125505971,0.0553525898377362,0.0555686876317515,-3.0390316846683896,Cash
2022-12,2022-12-31,TLT,99.264846,0.5053019999999999,-2.76,4.42,2.675994681944099,-0.1025885481209353,0.0469990116192133,0.0648965607057012,-2.3050152136491753,Cash
2023-01,2023-01-31,TLT,107.047961,0.0,7.84,4.7,2.481431664074386,-0.1305040197603302,0.0392725875935899,0.0711778781013165,-2.3852440095538605,Cash
2023-02,2023-02-28,TLT,101.519881,0.275496,-4.92,4.88,2.69275729351968,-0.1286613356753129,0.0301678022304723,0.078292602529837,-2.0286608539453774,Cash
2023-03,2023-03-31,TLT,106.125194,0.249766,4.8,4.85,2.63719376569526,-0.1301650726061611,0.0209660192804771,0.0834924317127787,-1.8101172619638437,Cash
2023-04,2023-04-30,TLT,106.29496,0.268755,0.41,5.1,2.6960403390715797,-0.1414093918193188,0.0115605847134368,0.0873486602985688,-1.7512572718331891,Cash
2023-05,2023-05-31,TLT,102.878869,0.267995,-2.96,5.52,2.848612186823322,-0.1571404595986281,0.0018218088426927,0.0909099928496098,-1.7485676047108278,Cash
2023-06,2023-06-30,TLT,102.783119,0.273047,0.17,5.43,2.9150983441162164,-0.1479353915225754,-0.0085527429781012,0.0943323014206896,-1.4775707413611745,Cash
2023-07,2023-07-31,TLT,99.995451,0.277716,-2.45,5.55,3.0471446146085186,-0.1472267873759694,-0.0182715176204153,0.0962372144379215,-1.3399730084533727,Cash
2023-08,2023-08-31,TLT,96.581217,0.275282,-3.14,5.56,3.2193060892989163,-0.1376878771000637,-0.0278032532196021,0.0972456514652593,-1.129969538223695,Cash
2023-09,2023-09-30,TLT,88.614047,0.288579,-7.97,5.55,3.567932068377376,-0.116592231271919,-0.0369862047108875,0.0967613950384584,-0.822704411499974,Cash
2023-10,2023-10-31,TLT,83.559154,0.280014,-5.4,5.59,3.8267369245983502,-0.1037213573765676,-0.0454134854108614,0.0943936277342033,-0.6177098323828744,Cash
2023-11,2023-11-30,TLT,91.50402,0.286291,9.88,5.45,3.549836389701786,-0.111774330017542,-0.053223530903517,0.0909357408127749,-0.6438700404340862,Cash
2023-12,2023-12-31,TLT,98.769045,0.5994539999999999,8.62,5.4,3.3840511467940178,-0.1185852266591754,-0.0613017648012108,0.0869139421141938,-0.6590825414719004,Cash
2024-01,2024-01-31,TLT,96.522283,0.0,-2.28,5.42,3.4628221547557048,-0.115128108543782,-0.0697641398059288,0.0818386245487445,-0.5543100093383605,Cash
2024-02,2024-02-29,TLT,94.070536,0.310122,-2.23,5.45,3.589881745757247,-0.109418720837809,-0.0778369059824144,0.0759062261061406,-0.4160635625756609,Cash
2024-03,2024-03-31,TLT,94.589892,0.295234,0.87,5.46,3.618239674065808,-0.1083388427020112,-0.0854613560798133,0.0689041980707357,-0.3320187631922264,Cash
2024-04,2024-04-30,TLT,88.250177,0.312425,-6.39,5.46,3.927651045957675,-0.0901381737671955,-0.092878963285305,0.0605525340866176,0.0452630027702715,Cash
2024-05,2024-05-31,TLT,90.515496,0.307743,2.92336,5.46,3.8732671806825207,-0.093337224665734,-0.0992071425560749,0.0508501558945397,0.1154355928134192,Cash
2024-06,2024-06-30,TLT,91.774146,0.308295,1.731641,5.48,3.858554020213928,-0.0953791752815336,-0.1050243700572833,0.0403941782177854,0.2387768535294268,Cash
2024-07,2024-07-31,TLT,94.765982,0.291104,3.594381,5.41,3.750863891222063,-0.0975962416928198,-0.1096484481258013,0.0313180017513383,0.3848331872727633,Cash
2024-08,2024-08-31,TLT,96.5596,0.314856,2.228614,5.21,3.722174698321037,-0.0875191353928801,-0.1126440829605504,0.0259108061095476,0.9696706255083362,Long
2024-09,2024-09-30,TLT,98.066521,0.312782,1.885231,4.73,3.689658777637274,-0.0611965424919251,-0.1141808343432455,0.023003993885215,2.303264907637366,Long
2024-10,2024-10-31,TLT,92.45889,0.315755,-5.41548,4.64,3.952092654367795,-0.0404651379783649,-0.1142954609148819,0.0227192877032159,3.2496759537961286,Long
2024-11,2024-11-30,TLT,93.878349,0.310541,1.882417,4.58,3.9181675425501994,-0.0389313210264588,-0.1119179893670479,0.0271115343837497,2.692089179000368,Long
2024-12,2024-12-31,TLT,87.441428,0.676053,-6.165729,4.37,4.294200227379635,-0.0044588101541391,-0.1088100272202088,0.0309266067492388,3.3741566901334266,Long
2025-01,2025-01-31,TLT,87.840451,0.0,0.456097,4.31,4.274693443912303,-0.0020768562404527,-0.104721288138259,0.037560217113884,2.7327965540397283,Long
2025-02,2025-02-28,TLT,92.430919,0.312282,5.598628,4.32,4.064732927733846,-0.0150157101333031,-0.0993701563249307,0.0425449161072049,1.9827150670381124,Long
2025-03,2025-03-31,TLT,90.980049,0.289817,-1.261172,4.32,4.123599669637461,-0.0115529606095611,-0.094634921927347,0.0453734111569702,1.8310715284412309,Long
2025-04,2025-04-30,TLT,89.349934,0.325582,-1.442555,4.31,4.2135565539421656,-0.0056731438857549,-0.0896927505941553,0.0477334935867522,1.760181381982879,Long
2025-05,2025-05-31,TLT,86.251709,0.327612,-3.110005,4.36,4.387946678250746,0.0016439222500438,-0.0840370735969235,0.0493532917657336,1.7360745916132858,Long
2025-06,2025-06-30,TLT,88.205804,0.319532,2.649504,4.41,4.303476446969408,-0.0062660913547407,-0.0774210576865622,0.049768506889572,1.4297187273410168,Long
2025-07,2025-07-31,TLT,86.957538,0.328301,-1.048409,4.41,4.408028433371699,-0.0001159745075471,-0.0715181701795691,0.049441796439881,1.4441666932317854,Long
2025-08,2025-08-31,TLT,86.550696,0.330802,-0.091935,4.23,4.447172787611089,0.0127748698594758,-0.0653885529767182,0.0487620862473096,1.6029548538954588,Long
2025-09,2025-09-30,TLT,89.345647,0.328083,3.624868,4.02,4.325179938536905,0.0179517610904062,-0.059119271853404,0.0487348992937135,1.5814341275093575,Long
2025-10,2025-10-31,TLT,90.261555,0.310447,1.376363,3.89,4.275410500073924,0.0226712058867014,-0.0535132721716404,0.0495675335920645,1.5369834352730125,Long
2025-11,2025-11-30,TLT,90.142545,0.325125,0.230397,3.88,4.297233897711674,0.0245431704536279,-0.0482469153690042,0.0507025526451741,1.435629608868625,Long
2025-12,2025-12-31,TLT,87.206016,0.6630849999999999,-2.528092,3.67,4.427066132685158,0.0445333019226563,-0.0425670195160388,0.0509115253055086,1.7108173623953664,Long
2026-01,2026-01-31,TLT,87.133474,0.0,-0.083174,3.67,4.430751837118304,0.0447501080657826,-0.0357704141584625,0.0512091467363336,1.5723855474263273,Long
2026-02,2026-02-28,TLT,90.730221,0.331885,4.526658,3.67,4.276712827581451,0.0356889898577324,-0.0291088217997307,0.0508345704232492,1.274680028137461,Long
2026-03,2026-03-31,TLT,86.675943,0.300633,-4.147675,3.7,4.489235265660738,0.0464256038623963,-0.0230626671874164,0.0494787018346015,1.404407724400282,Long
2026-04,2026-04-30,TLT,85.587556,0.344779,-0.861366,3.68,4.568752962171276,0.052279586010075,-0.0166141485805661,0.0479428358887173,1.4369974848912592,Long
2026-05,2026-05-31,TLT,85.70619,0.315346,0.507649,3.69,4.548117236339638,0.0504774844905669,-0.0106800752565132,0.0472556892168381,1.294184060387982,Long
2026-06,2026-06-30,TLT,86.380693,0.335777,1.183752,3.87,4.531409582463063,0.0389064460272389,-0.004687795708334,0.0454004254828739,0.960216589864728,Long
2026-07,2026-07-31,TLT,82.183643,0.31803,-4.504251,3.83,4.750327264027466,0.0541368978839685,0.0009074385128648,0.0418754575120732,1.271137380546992,Long
2026-08,2026-08-31,TLT,82.479537,0.330454,0.763601,3.91,4.732863619251403,0.048403742308906,0.0072296526618976,0.0375921196595267,1.0952851294346688,Long
